"numero_tombo","especie","autoria","familia","genero","nome_comum","dia_inicio","mes_inicio","ano_inicio","dia_fim","mes_fim","ano_fim","data_registro","coletor","determinador","tipo_de_registro","pais","codigo_pais","estado","municipio","localidade","latitude","longitude","numero_individuos","ambiente"
"MN-0043664","Anodorhynchus hyacinthinus","(Latham, 1790)","Psittacidae","Anodorhynchus","Arara-azul-grande","22","03","2024","22","03","2024","22/03/2024","L. Souza","F. Oliveira","Observação","Brasil","BR","Mato Grosso do Sul","Miranda","RPPN Caiman","-19.91491","-56.31851","","Planície de inundação do Pantanal"
"MN-0043577","Victoria amazonica","(Poepp.) J.C.Sowerby","Nymphaeaceae","Victoria","Vitória-régia","26","04","2020","26","06","2020","26/04/2020","R. Cunha","R. Cunha","Espécime preservado","Brasil","BR","Amazonas","Tefé","RDS Mamirauá","-3.11479","-64.77121","3","Várzea amazônica"
"MN-0043632","Pyrrhura griseipectus","Salvadori, 1900","Psittacidae","Pyrrhura","Tiriba-de-peito-cinza","05","07","2016","05","07","2016","05/07/2016","T. Almeida","M. Andrade","Observação","Brasil","BR","Ceará","Quixadá","Serra do Estevão","-4.99786","-38.98271","2","Caatinga / serra úmida"
"MN-0043411","Phylloscartes ceciliae","Teixeira, 1987","Tyrannidae","Phylloscartes","Cara-pintada","27","09","2018","27","11","2018","27/09/2018","D. Rocha","D. Rocha","Observação","Brasil","BR","Alagoas","Murici","Estação Ecológica de Murici","-9.19672","-35.89378","2","Floresta Atlântica"
"MN-0043796","Ateles paniscus","(Linnaeus, 1758)","Atelidae","Ateles","Macaco-aranha-de-cara-vermelha","25","12","2024","25","12","2024","25/12/2024","C. Lima","J. Pereira","Registro fotográfico","Brasil","BR","Pará","Melgaço","Floresta Nacional de Caxiuanã","-1.74128","-51.45921","5","Floresta de terra firme"
"MN-0042854","Tangara cyanocephala","(Statius Müller, 1776)","Thraupidae","Tangara","Saíra-militar","02","02","2020","02","05","2020","02/02/2020","T. Almeida","T. Almeida","Material preservado (herbário)","Brasil","BR","São Paulo","São Miguel Arcanjo","Parque Estadual Carlos Botelho","-24.09419","-47.97595","1","Floresta Atlântica"
"MN-0043684","Paroaria dominicana","(Linnaeus, 1758)","Thraupidae","Paroaria","Cardeal-do-nordeste","24","02","2019","24","02","2019","24/02/2019","M. Andrade","B. Carvalho","Espécime preservado","","BR","Bahia","Curaçá","Riacho Melância","-9.14207","-39.83938","1","Caatinga arbustiva"
"MN-0043636","Tangara cyanocephala","(Statius Müller, 1776)","Thraupidae","Tangara","Saíra-militar","08","09","2018","08","09","2018","08/09/2018","J. Pereira","R. Cunha","Registro fotográfico","Brasil","BR","São Paulo","São Miguel Arcanjo","Parque Estadual Carlos Botelho","-24.02966","-47.98254","5","Floresta Atlântica"
"MN-0043312","Euterpe edulis","Mart.","Arecaceae","Euterpe","Palmito-juçara","09","02","2021","09","02","2021","09/02/2021","P. Santos","A. Maciel","Espécime preservado","Brasil","BR","São Paulo","São Miguel Arcanjo","Parque Estadual Carlos Botelho","-24.04991","-47.97167","1","Floresta Atlântica"
"MN-0043351","Myrmecophaga tridactyla","Linnaeus, 1758","Myrmecophagidae","Myrmecophaga","Tamanduá-bandeira","01","06","2024","01","09","2025","01/06/2024","R. Cunha","J. Pereira","Armadilha fotográfica","Brasil","BR","Goiás","Mineiros","Parque Nacional das Emas","-18.2649","-52.90726","1","Cerrado / campo limpo"
"MN-0042833","Victoria amazonica","(Poepp.) J.C.Sowerby","Nymphaeaceae","Victoria","Vitória-régia","28","08","2017","28","08","2017","28/08/2017","L. Souza","L. Souza","Espécime preservado","Brasil","BR","Amazonas","Tefé","RDS Mamirauá","-3.09754","-64.8371","3","Várzea amazônica"
"MN-0043406","Paubrasilia echinata","(Lam.) Gagnon, H.C.Lima & G.P.Lewis","Fabaceae","Paubrasilia","Pau-brasil","23","01","2020","23","04","2020","23/01/2020","C. Lima","A. Maciel","Espécime preservado","","BR","Bahia","Una","Reserva Biológica de Una","-15.15123","-39.05696","","Floresta Atlântica"
"","Mergus octosetaceus","Vieillot, 1817","Anatidae","Mergus","Pato-mergulhão","13","08","2018","13","08","2018","13/08/2018","R. Cunha","P. Santos","Registro fotográfico","Brasil","BR","Minas Gerais","São Roque de Minas","Parque Nacional da Serra da Canastra","-20.28214","-46.51376","2","Campo rupestre / rio de planalto"
"MN-0043750","Swietenia macrophylla","King","Meliaceae","Swietenia","Mogno","04","12","2016","04","03","2017","04/12/2016","M. Andrade","A. Maciel","Espécime preservado","Brasil","BR","Mato Grosso","Novo Mundo","RPPN Cristalino","-9.61432","-55.89696","5","Floresta amazônica (sul)"
"","Chrysocyon brachyurus","(Illiger, 1815)","Canidae","Chrysocyon","Lobo-guará","13","06","2022","13","10","2023","13/06/2022","B. Carvalho","A. Maciel","Armadilha fotográfica","Brasil","BR","Goiás","Alto Paraíso de Goiás","Parque Nacional da Chapada dos Veadeiros","-14.16113","-47.53299","2","Cerrado sentido restrito"
"","Prosopis affinis","Spreng.","Fabaceae","Prosopis","Inhanduvá","25","08","2022","25","10","2022","25/08/2022","R. Cunha","R. Cunha","Espécime preservado","Brasil","BR","Rio Grande do Sul","Barra do Quaraí","Parque Estadual do Espinilho","-30.14668","-57.57885","1","Savana-estépica (Pampa)"
"","Tapirus terrestris","(Linnaeus, 1758)","Tapiridae","Tapirus","Anta","24","11","2016","24","06","2017","24/11/2016","D. Rocha","J. Pereira","Observação em campo","Brasil","BR","Mato Grosso","Novo Mundo","RPPN Cristalino","-9.55544","-55.93009","1","Floresta amazônica (sul)"
"MN-0043073","Xanthopsar flavus","(Gmelin, 1788)","Icteridae","Xanthopsar","Veste-amarela","24","12","2018","24","02","2019","24/12/2018","D. Rocha","A. Maciel","Observação em campo","Brasil","BR","Rio Grande do Sul","Santa Maria","Morro da Caturrita","-29.71613","-53.7944","1","Campos do Pampa"
"MN-0042995","Rhea americana","(Linnaeus, 1758)","Rheidae","Rhea","Ema","25","09","2021","25","09","2021","25/09/2021","G. Nunes","C. Lima","Registro fotográfico","Brasil","BR","Goiás","Mineiros","Parque Nacional das Emas","-18.28575","-52.9467","1","Cerrado / campo limpo"
"MN-0042984","Tapirus terrestris","(Linnaeus, 1758)","Tapiridae","Tapirus","Anta","27","06","2019","27","01","2020","27/06/2019","D. Rocha","P. Santos","Observação","Brasil","BR","Minas Gerais","São Roque de Minas","Parque Nacional da Serra da Canastra","-20.30922","-46.50161","","Campo rupestre / rio de planalto"
"MN-0042874","Psophia viridis","Spix, 1825","Psophiidae","Psophia","Jacamim-de-costas-verdes","08","06","2021","08","07","2021","08/06/2021","C. Lima","C. Lima","Registro fotográfico","Brasil","BR","Mato Grosso","Novo Mundo","RPPN Cristalino","-9.57779","-55.89926","","Floresta amazônica (sul)"
"DEMO-COORD-04","Myrmecophaga tridactyla","Linnaeus, 1758","Myrmecophagidae","Myrmecophaga","Tamanduá-bandeira","26","02","2021","26","02","2021","26/02/2021","T. Almeida","G. Nunes","Armadilha fotográfica","Brasil","BR","Goiás","Mineiros","Erro de digitacao","-10","-10","1","Cerrado"
"MN-0043509","Sporophila albogularis","(Spix, 1825)","Thraupidae","Sporophila","Golinho","07","04","2020","07","07","2020","07/04/2020","P. Santos","A. Maciel","Coleta","Brasil","BR","Bahia","Jeremoabo","Estação Ecológica Raso da Catarina","-9.62005","-38.49144","5","Caatinga arbórea"
"MN-0043872","Anodorhynchus hyacinthinus","(Latham, 1790)","Psittacidae","Anodorhynchus","Arara-azul-grande","14","11","2018","14","01","2019","14/11/2018","M. Andrade","R. Cunha","Observação em campo","Brasil","BR","Mato Grosso","Poconé","Porto Jofre (Transpantaneira)","-17.36615","-56.80804","1","Planície de inundação do Pantanal"
"","Pyrrhura griseipectus","Salvadori, 1900","Psittacidae","Pyrrhura","Tiriba-de-peito-cinza","07","04","2015","07","04","2015","07/04/2015","F. Oliveira","L. Souza","Observação em campo","Brasil","BR","Ceará","Quixadá","Serra do Estevão","-4.95445","-39.04305","1","Caatinga / serra úmida"
"MN-0043159","Tangara fastuosa","(Lesson, 1831)","Thraupidae","Tangara","Saíra-de-sete-cores","04","02","2015","04","02","2015","04/02/2015","L. Souza","P. Santos","Observação em campo","Brasil","BR","Alagoas","Quebrangulo","Estação Ecológica de Pedra Talhada","-9.28459","-36.4684","","Brejo de altitude"
"MN-0043413","Euterpe edulis","Mart.","Arecaceae","Euterpe","Palmito-juçara","26","04","2018","26","04","2018","26/04/2018","A. Maciel","D. Rocha","Material preservado (herbário)","Brasil","BR","Rio de Janeiro","Itatiaia","Parque Nacional do Itatiaia","-22.4201","-44.59086","1","Floresta Atlântica montana"
"MN-0043675","Spinus yarrellii","(Audubon, 1839)","Fringillidae","Spinus","Pintassilgo-do-nordeste","05","01","2023","05","03","2023","05/01/2023","T. Almeida","P. Santos","Observação em campo","Brasil","BR","Ceará","Quixadá","Serra do Estevão","-4.93785","-38.98915","2","Caatinga / serra úmida"
"MN-0043553","Euterpe edulis","Mart.","Arecaceae","Euterpe","Palmito-juçara","17","06","2019","17","09","2019","17/06/2019","T. Almeida","F. Oliveira","Espécime preservado","Brasil","BR","São Paulo","São Miguel Arcanjo","Parque Estadual Carlos Botelho","-24.08155","-47.99647","1","Floresta Atlântica"
"MN-0043484","Cereus jamacaru","DC.","Cactaceae","Cereus","Mandacaru","06","11","2016","06","11","2016","06/11/2016","J. Pereira","M. Andrade","Material preservado (herbário)","Brasil","BR","Bahia","Curaçá","Riacho Melância","-9.16635","-39.85459","","Caatinga arbustiva"
"MN-0043819","Paroaria dominicana","(Linnaeus, 1758)","Thraupidae","Paroaria","Cardeal-do-nordeste","05","08","2018","05","08","2018","05/08/2018 10:43","D. Rocha","M. Andrade","Observação em campo","Brasil","BR","Pernambuco","Buíque","Parque Nacional do Catimbau","-8.49668","-37.23769","","Caatinga arbórea"
"MN-0042839","Brachyteles arachnoides","(É. Geoffroy, 1806)","Atelidae","Brachyteles","Muriqui-do-sul","19","12","2020","19","12","2020","19/12/2020","M. Andrade","T. Almeida","Observação","Brasil","BR","São Paulo","São Miguel Arcanjo","Parque Estadual Carlos Botelho","-24.07956","-47.98677","2","Floresta Atlântica"
"","Myrmecophaga tridactyla","Linnaeus, 1758","Myrmecophagidae","Myrmecophaga","Tamanduá-bandeira","13","10","2024","13","01","2026","13/10/2024","L. Souza","M. Andrade","Armadilha fotográfica","Brasil","BR","Goiás","Mineiros","Parque Nacional das Emas","-18.26314","-52.90157","1","Cerrado / campo limpo"
"MN-0043265","Mergus octosetaceus","Vieillot, 1817","Anatidae","Mergus","Pato-mergulhão","08","02","2020","08","02","2020","08/02/2020","C. Lima","F. Oliveira","Observação","Brasil","BR","Minas Gerais","São Roque de Minas","Parque Nacional da Serra da Canastra","-20.30474","-46.525","2","Campo rupestre / rio de planalto"
"MN-0043269","Sturnella superciliaris","(Bonaparte, 1850)","Icteridae","Sturnella","Polícia-inglesa-do-sul","07","05","2018","07","06","2018","07/05/2018","R. Cunha","G. Nunes","Observação","Brasil","BR","Rio Grande do Sul","Aceguá","Coxilhas de Aceguá","-31.6417","-54.18252","2","Campos do Pampa"
"MN-0043475","Sporophila albogularis","(Spix, 1825)","Thraupidae","Sporophila","Golinho","07","04","2019","07","04","2019","07/04/2019","R. Cunha","L. Souza","Observação em campo","Brasil","BR","Pernambuco","Buíque","Parque Nacional do Catimbau","-8.55152","-37.20756","2","Caatinga arbórea"
"MN-0043639","Myrmecophaga tridactyla","Linnaeus, 1758","Myrmecophagidae","Myrmecophaga","Tamanduá-bandeira","16","07","2022","16","11","2023","16/07/2022","A. Maciel","A. Maciel","Registro fotográfico","Brasil","BR","Goiás","Mineiros","Parque Nacional das Emas","-18.29241","-52.89041","5","Cerrado / campo limpo"
"MN-0043878","Paroaria dominicana","(Linnaeus, 1758)","Thraupidae","Paroaria","Cardeal-do-nordeste","23","10","2022","23","11","2022","23/10/2022","M. Andrade","L. Souza","Coleta","Brasil","BR","Pernambuco","Buíque","Parque Nacional do Catimbau","-8.54308","-37.22923","","Caatinga arbórea"
"MN-0043347","Anodorhynchus hyacinthinus","(Latham, 1790)","Psittacidae","Anodorhynchus","Arara-azul-grande","14","08","2018","14","08","2018","14/08/2018","B. Carvalho","F. Oliveira","Observação","Brasil","BR","Mato Grosso do Sul","Corumbá","Estrada Parque Pantanal","-19.01686","-57.62938","1","Planície de inundação do Pantanal"
"MN-0043792","Paroaria dominicana","(Linnaeus, 1758)","Thraupidae","Paroaria","Cardeal-do-nordeste","21","08","2018","21","08","2018","21/08/2018","C. Lima","P. Santos","Registro fotográfico","Brasil","BR","Bahia","Curaçá","Riacho Melância","-9.16932","-39.85361","2","Caatinga arbustiva"
"MN-0043529","Mycteria americana","Linnaeus, 1758","Ciconiidae","Mycteria","Cabeça-seca","23","07","2018","23","07","2018","23/07/2018","P. Santos","R. Cunha","Registro fotográfico","Brasil","BR","Mato Grosso","Poconé","Porto Jofre (Transpantaneira)","-17.35633","-56.80365","4","Planície de inundação do Pantanal"
"MN-0043304","Blastocerus dichotomus","(Illiger, 1815)","Cervidae","Blastocerus","Cervo-do-pantanal","19","09","2019","19","09","2019","19/09/2019","P. Santos","R. Cunha","Observação em campo","Brasil","BR","Mato Grosso","Poconé","Porto Jofre (Transpantaneira)","-17.32603","-56.79908","1","Planície de inundação do Pantanal"
"DEMO-COORD-06","Chrysocyon brachyurus","(Illiger, 1815)","Canidae","Chrysocyon","Lobo-guará","17","10","2022","17","11","2022","17/10/2022","F. Oliveira","L. Souza","Observação","Brasil","BR","Mato Grosso","Indefinido","Centroide do país atribuído por software","-10","-55","1","Cerrado"
"MN-0043078","Ateles paniscus","(Linnaeus, 1758)","Atelidae","Ateles","Macaco-aranha-de-cara-vermelha","22","06","2021","22","06","2021","22/06/2021","B. Carvalho","G. Nunes","Observação em campo","Brasil","BR","Pará","Melgaço","Floresta Nacional de Caxiuanã","-1.71042","-51.4263","3","Floresta de terra firme"
"MN-0042860","Paroaria dominicana","(Linnaeus, 1758)","Thraupidae","Paroaria","Cardeal-do-nordeste","22","06","2022","22","06","2022","22/06/2022","J. Pereira","L. Souza","Observação em campo","Brasil","BR","Pernambuco","Buíque","Parque Nacional do Catimbau","-8.50039","-37.24664","","Caatinga arbórea"
"MN-0043391","Tangara cyanocephala","(Statius Müller, 1776)","Thraupidae","Tangara","Saíra-militar","17","01","2016","17","04","2016","17/01/2016","T. Almeida","F. Oliveira","Espécime preservado","Brasil","BR","Pernambuco","Tamandaré","Reserva Biológica de Saltinho","-8.73675","-35.19521","2","Floresta Atlântica"
"MN-0042992","Paubrasilia echinata","(Lam.) Gagnon, H.C.Lima & G.P.Lewis","Fabaceae","Paubrasilia","Pau-brasil","11","02","2017","11","02","2017","11/02/2017","D. Rocha","A. Maciel","Coleta","Brasil","BR","Bahia","Una","Reserva Biológica de Una","-15.13969","-39.05884","2","Floresta Atlântica"
"MN-0043499","Mycteria americana","Linnaeus, 1758","Ciconiidae","Mycteria","Cabeça-seca","01","06","2019","01","06","2019","01/06/2019","B. Carvalho","B. Carvalho","Observação","Brasil","BR","Mato Grosso do Sul","Corumbá","Estrada Parque Pantanal","-18.97117","-57.61504","5","Planície de inundação do Pantanal"
"MN-0043383","Penelope jacucaca","Spix, 1825","Cracidae","Penelope","Jacucaca","06","12","2020","06","01","2021","06/12/2020","G. Nunes","B. Carvalho","Observação","","BR","Bahia","Boa Nova","Parque Nacional de Boa Nova","-14.38373","-40.22032","6","Mata-de-cipó"
"MN-0043385","Panthera onca","(Linnaeus, 1758)","Felidae","Panthera","Onça-pintada","10","07","2023","10","11","2024","10/07/2023","M. Andrade","R. Cunha","Armadilha fotográfica","Brasil","BR","Mato Grosso","Poconé","Porto Jofre (Transpantaneira)","-17.38281","-56.76258","3","Planície de inundação do Pantanal"
"MN-0043531","Pyrrhura griseipectus","Salvadori, 1900","Psittacidae","Pyrrhura","Tiriba-de-peito-cinza","02","09","2021","02","10","2021","02/09/2021","P. Santos","L. Souza","Observação em campo","Brasil","BR","Ceará","Quixadá","Serra do Estevão","-4.93755","-39.06404","1","Caatinga / serra úmida"
"MN-0042978","Victoria amazonica","(Poepp.) J.C.Sowerby","Nymphaeaceae","Victoria","Vitória-régia","27","01","2018","27","01","2018","27/01/2018","D. Rocha","G. Nunes","Espécime preservado","Brasil","BR","Amazonas","Tefé","RDS Mamirauá","-3.11124","-64.76924","3","Várzea amazônica"
"MN-0043866","Phylloscartes ceciliae","Teixeira, 1987","Tyrannidae","Phylloscartes","Cara-pintada","23","02","2024","23","04","2024","23/02/2024","P. Santos","B. Carvalho","Observação","Brasil","BR","Alagoas","Murici","Estação Ecológica de Murici","-9.1746","-35.81361","","Floresta Atlântica"
"","Caiman yacare","(Daudin, 1802)","Alligatoridae","Caiman","Jacaré-do-pantanal","16","12","2015","16","02","2016","16/12/2015","M. Andrade","T. Almeida","Observação","BRASIL","BR","Mato Grosso do Sul","Corumbá","Estrada Parque Pantanal","-19.02839","-57.67868","1","Planície de inundação do Pantanal"
"MN-0043277","Leopardus geoffroyi","(d'Orbigny & Gervais, 1844)","Felidae","Leopardus","Gato-do-mato-grande","23","06","2021","23","10","2022","23/06/2021","B. Carvalho","A. Maciel","Observação em campo","Brasil","BR","Rio Grande do Sul","Barra do Quaraí","Parque Estadual do Espinilho","-30.14401","-57.56096","1","Savana-estépica (Pampa)"
"MN-0042952","Leopardus geoffroyi","(d'Orbigny & Gervais, 1844)","Felidae","Leopardus","Gato-do-mato-grande","06","02","2018","06","01","2019","06/02/2018","D. Rocha","J. Pereira","Armadilha fotográfica","Brasil","BR","Rio Grande do Sul","Aceguá","Coxilhas de Aceguá","-31.62545","-54.1398","1","Campos do Pampa"
"MN-0043688","Mergus octosetaceus","Vieillot, 1817","Anatidae","Mergus","Pato-mergulhão","27","08","2024","27","08","2024","27/08/2024","L. Souza","J. Pereira","Registro fotográfico","Brasil","BR","Minas Gerais","São Roque de Minas","Parque Nacional da Serra da Canastra","-20.28772","-46.51518","1","Campo rupestre / rio de planalto"
"MN-0043082","Caiman yacare","(Daudin, 1802)","Alligatoridae","Caiman","Jacaré-do-pantanal","03","12","2016","03","12","2016","03/12/2016","M. Andrade","L. Souza","Registro fotográfico","BRASIL","BR","Mato Grosso","Poconé","Porto Jofre (Transpantaneira)","-17.39405","-56.78516","1","Planície de inundação do Pantanal"
"MN-0043366","Penelope jacucaca","Spix, 1825","Cracidae","Penelope","Jacucaca","15","08","2017","15","09","2017","15/08/2017","M. Andrade","C. Lima","Observação","Brasil","BR","Bahia","Boa Nova","Parque Nacional de Boa Nova","-14.38709","-40.18885","1","Mata-de-cipó"
"MN-0043176","Euterpe edulis","Mart.","Arecaceae","Euterpe","Palmito-juçara","11","04","2017","11","04","2017","11/04/2017","J. Pereira","P. Santos","Espécime preservado","Brasil","BR","São Paulo","São Miguel Arcanjo","Parque Estadual Carlos Botelho","-24.04749","-47.97548","2","Floresta Atlântica"
"MN-0043229","Rhea americana","(Linnaeus, 1758)","Rheidae","Rhea","Ema","28","09","2021","28","10","2021","28/09/2021","M. Andrade","M. Andrade","Registro fotográfico","Brasil","BR","Goiás","Mineiros","Parque Nacional das Emas","-18.32156","-52.95819","6","Cerrado / campo limpo"
"MN-0043116","Brachyteles arachnoides","(É. Geoffroy, 1806)","Atelidae","Brachyteles","Muriqui-do-sul","22","03","2015","22","05","2015","22/03/2015","D. Rocha","J. Pereira","Registro fotográfico","Brasil","BR","São Paulo","São Miguel Arcanjo","Parque Estadual Carlos Botelho","-24.07662","-47.97147","3","Floresta Atlântica"
"","Caryocar brasiliense","Cambess.","Caryocaraceae","Caryocar","Pequi","15","07","2024","15","07","2024","15/07/2024","L. Souza","T. Almeida","Espécime preservado","Brasil","BR","Distrito Federal","Brasília","Estação Ecológica de Águas Emendadas","-15.5468","-47.56664","1","Cerrado / vereda"
"MN-0043695","Euterpe edulis","Mart.","Arecaceae","Euterpe","Palmito-juçara","26","08","2020","26","10","2020","26/08/2020","C. Lima","J. Pereira","Espécime preservado","Brasil","BR","São Paulo","São Miguel Arcanjo","Parque Estadual Carlos Botelho","-24.05591","-47.96663","2","Floresta Atlântica"
"MN-0043889","Paroaria dominicana","(Linnaeus, 1758)","Thraupidae","Paroaria","Cardeal-do-nordeste","01","07","2023","01","07","2023","01/07/2023","G. Nunes","L. Souza","Observação","Brasil","BR","Bahia","Curaçá","Riacho Melância","-9.16532","-39.83144","","Caatinga arbustiva"
"MN-0043290","Swietenia macrophylla","King","Meliaceae","Swietenia","Mogno","20","12","2022","20","01","2023","20/12/2022","B. Carvalho","B. Carvalho","Coleta","Brasil","BR","Mato Grosso","Novo Mundo","RPPN Cristalino","-9.60698","-55.95497","1","Floresta amazônica (sul)"
"MN-0043663","Brachyteles arachnoides","(É. Geoffroy, 1806)","Atelidae","Brachyteles","Muriqui-do-sul","02","06","2017","02","07","2017","02/06/2017","G. Nunes","T. Almeida","Observação em campo","BRASIL","BR","São Paulo","São Miguel Arcanjo","Parque Estadual Carlos Botelho","-24.09452","-47.97841","4","Floresta Atlântica"
"MN-0043027","Anodorhynchus hyacinthinus","(Latham, 1790)","Psittacidae","Anodorhynchus","Arara-azul-grande","01","06","2019","01","07","2019","01/06/2019","P. Santos","A. Maciel","Observação","Brasil","BR","Mato Grosso do Sul","Miranda","RPPN Caiman","-19.953","-56.31233","2","Planície de inundação do Pantanal"
"MN-0042878","Psophia viridis","Spix, 1825","Psophiidae","Psophia","Jacamim-de-costas-verdes","04","12","2019","04","12","2019","04/12/2019","C. Lima","J. Pereira","Observação","Brasil","BR","Mato Grosso","Novo Mundo","RPPN Cristalino","-9.55827","-55.91956","2","Floresta amazônica (sul)"
"MN-0043040","Jabiru mycteria","(Lichtenstein, 1819)","Ciconiidae","Jabiru","Tuiuiú","10","08","2024","10","08","2024","10/08/2024","T. Almeida","A. Maciel","Registro fotográfico","Brasil","BR","Mato Grosso","Poconé","Porto Jofre (Transpantaneira)","-17.34309","-56.76666","1","Planície de inundação do Pantanal"
"MN-0043338","Mergus octosetaceus","Vieillot, 1817","Anatidae","Mergus","Pato-mergulhão","22","12","2016","22","12","2016","22/12/2016","L. Souza","A. Maciel","Observação em campo","Brasil","BR","Minas Gerais","São Roque de Minas","Parque Nacional da Serra da Canastra","-20.33014","-46.54635","1","Campo rupestre / rio de planalto"
"MN-0043364","Antilophia galeata","(Lichtenstein, 1823)","Pipridae","Antilophia","Soldadinho","14","03","2022","14","03","2022","14/03/2022","J. Pereira","C. Lima","Coleta","Brasil","BR","Distrito Federal","Brasília","Estação Ecológica de Águas Emendadas","-15.53066","-47.62359","2","Cerrado / vereda"
"MN-0043416","Paroaria dominicana","(Linnaeus, 1758)","Thraupidae","Paroaria","Cardeal-do-nordeste","20","10","2024","20","11","2024","20/10/2024","J. Pereira","G. Nunes","Material preservado (herbário)","Brasil","BR","Bahia","Curaçá","Riacho Melância","-9.21122","-39.89771","3","Caatinga arbustiva"
"MN-0043603","Sporophila albogularis","(Spix, 1825)","Thraupidae","Sporophila","Golinho","15","04","2021","15","07","2021","15/04/2021","L. Souza","L. Souza","Registro fotográfico","Brasil","BR","Pernambuco","Buíque","Parque Nacional do Catimbau","-8.49606","-37.21182","6","Caatinga arbórea"
"","Penelope jacucaca","Spix, 1825","Cracidae","Penelope","Jacucaca","14","11","2024","14","12","2024","14/11/2024","R. Cunha","T. Almeida","Registro fotográfico","Brasil","BR","Pernambuco","Buíque","Parque Nacional do Catimbau","-8.51466","-37.20903","5","Caatinga arbórea"
"MN-0043633","Caryocar brasiliense","Cambess.","Caryocaraceae","Caryocar","Pequi","08","03","2023","08","03","2023","08/03/2023","G. Nunes","D. Rocha","Espécime preservado","Brasil","BR","Goiás","Alto Paraíso de Goiás","Parque Nacional da Chapada dos Veadeiros","-14.09118","-47.55901","","Cerrado sentido restrito"
"MN-0043624","Caiman yacare","(Daudin, 1802)","Alligatoridae","Caiman","Jacaré-do-pantanal","18","05","2016","18","06","2016","18/05/2016","D. Rocha","T. Almeida","Observação em campo","BRASIL","BR","Mato Grosso do Sul","Corumbá","Estrada Parque Pantanal","-19.00254","-57.67627","4","Planície de inundação do Pantanal"
"MN-0043332","Caiman yacare","(Daudin, 1802)","Alligatoridae","Caiman","Jacaré-do-pantanal","17","03","2018","17","06","2018","17/03/2018","A. Maciel","B. Carvalho","Observação","Brasil","BR","Mato Grosso do Sul","Corumbá","Estrada Parque Pantanal","-18.98867","-57.67323","","Planície de inundação do Pantanal"
"MN-0043266","Antilophia galeata","(Lichtenstein, 1823)","Pipridae","Antilophia","Soldadinho","12","02","2024","12","02","2024","12/02/2024","F. Oliveira","B. Carvalho","Observação em campo","Brasil","BR","Distrito Federal","Brasília","Estação Ecológica de Águas Emendadas","-15.56926","-47.62152","1","Cerrado / vereda"
"MN-0043703","Bertholletia excelsa","Bonpl.","Lecythidaceae","Bertholletia","Castanheira-do-pará","22","01","2016","22","03","2016","22/01/2016","G. Nunes","B. Carvalho","Coleta","BRASIL","BR","Pará","Melgaço","Floresta Nacional de Caxiuanã","-1.74527","-51.4963","5","Floresta de terra firme"
"MN-0043587","Jabiru mycteria","(Lichtenstein, 1819)","Ciconiidae","Jabiru","Tuiuiú","11","05","2015","11","05","2015","11/05/2015","M. Andrade","J. Pereira","Observação","Brasil","BR","Mato Grosso","Poconé","Porto Jofre (Transpantaneira)","-17.37474","-56.77033","1","Planície de inundação do Pantanal"
"MN-0043358","Ateles paniscus","(Linnaeus, 1758)","Atelidae","Ateles","Macaco-aranha-de-cara-vermelha","02","05","2017","02","08","2017","02/05/2017","M. Andrade","P. Santos","Registro fotográfico","Brasil","BR","Pará","Melgaço","Floresta Nacional de Caxiuanã","-1.7791","-51.50166","5","Floresta de terra firme"
"MN-0043457","Ateles paniscus","(Linnaeus, 1758)","Atelidae","Ateles","Macaco-aranha-de-cara-vermelha","15","03","2021","15","06","2021","15/03/2021","B. Carvalho","T. Almeida","Observação","Brasil","BR","Pará","Melgaço","Floresta Nacional de Caxiuanã","-1.7808","-51.45425","1","Floresta de terra firme"
"MN-0043010","Sporophila albogularis","(Spix, 1825)","Thraupidae","Sporophila","Golinho","23","10","2021","23","10","2021","23/10/2021","F. Oliveira","J. Pereira","Espécime preservado","Brasil","BR","Bahia","Jeremoabo","Estação Ecológica Raso da Catarina","-9.61503","-38.49639","","Caatinga arbórea"
"MN-0043631","Caryocar brasiliense","Cambess.","Caryocaraceae","Caryocar","Pequi","21","12","2017","21","12","2017","21/12/2017","G. Nunes","R. Cunha","Espécime preservado","Brasil","BR","Distrito Federal","Brasília","Estação Ecológica de Águas Emendadas","-15.56169","-47.63343","1","Cerrado / vereda"
"MN-0043623","Bertholletia excelsa","Bonpl.","Lecythidaceae","Bertholletia","Castanheira-do-pará","27","01","2015","27","01","2015","27/01/2015","D. Rocha","L. Souza","Espécime preservado","Brasil","BR","Pará","Melgaço","Floresta Nacional de Caxiuanã","-1.71114","-51.49018","1","Floresta de terra firme"
"MN-0042986","Sporophila albogularis","(Spix, 1825)","Thraupidae","Sporophila","Golinho","12","04","2021","12","07","2021","12/04/2021","R. Cunha","D. Rocha","Material preservado (herbário)","Brasil","BR","Pernambuco","Buíque","Parque Nacional do Catimbau","-8.4856","-37.25857","1","Caatinga arbórea"
"MN-0043559","Rhea americana","(Linnaeus, 1758)","Rheidae","Rhea","Ema","09","12","2022","09","01","2023","09/12/2022","L. Souza","B. Carvalho","Observação em campo","Brasil","BR","Goiás","Mineiros","Parque Nacional das Emas","-18.28783","-52.93498","3","Cerrado / campo limpo"
"MN-0043410","Paubrasilia echinata","(Lam.) Gagnon, H.C.Lima & G.P.Lewis","Fabaceae","Paubrasilia","Pau-brasil","05","01","2023","05","01","2023","05/01/2023","A. Maciel","P. Santos","Coleta","Brasil","BR","Bahia","Una","Reserva Biológica de Una","-15.17791","-39.08821","1","Floresta Atlântica"
"","Ateles paniscus","(Linnaeus, 1758)","Atelidae","Ateles","Macaco-aranha-de-cara-vermelha","16","12","2020","16","02","2021","16/12/2020","B. Carvalho","L. Souza","Registro fotográfico","Brasil","BR","Pará","Melgaço","Floresta Nacional de Caxiuanã","-1.71442","-51.4645","3","Floresta de terra firme"
"MN-0043161","Butia odorata","(Barb.Rodr.) Noblick","Arecaceae","Butia","Butiá","22","07","2019","22","10","2019","22/07/2019","P. Santos","C. Lima","Espécime preservado","Brasil","BR","Rio Grande do Sul","Aceguá","Coxilhas de Aceguá","-31.63727","-54.13349","1","Campos do Pampa"
"MN-0043434","Sporophila albogularis","(Spix, 1825)","Thraupidae","Sporophila","Golinho","03","02","2015","03","02","2015","03/02/2015","R. Cunha","D. Rocha","Coleta","Brasil","BR","Bahia","Jeremoabo","Estação Ecológica Raso da Catarina","-9.64059","-38.49096","2","Caatinga arbórea"
"MN-0043884","Blastocerus dichotomus","(Illiger, 1815)","Cervidae","Blastocerus","Cervo-do-pantanal","23","11","2021","23","02","2022","23/11/2021","C. Lima","J. Pereira","Observação","Brasil","BR","Mato Grosso","Poconé","Porto Jofre (Transpantaneira)","-17.31059","-56.74125","1","Planície de inundação do Pantanal"
"MN-0042828","Tapirus terrestris","(Linnaeus, 1758)","Tapiridae","Tapirus","Anta","05","02","2022","05","05","2023","05/02/2022","T. Almeida","P. Santos","Observação","Brasil","BR","Minas Gerais","São Roque de Minas","Parque Nacional da Serra da Canastra","-20.29031","-46.55257","1","Campo rupestre / rio de planalto"
"MN-0043104","Euterpe edulis","Mart.","Arecaceae","Euterpe","Palmito-juçara","02","05","2015","02","07","2015","02/05/2015","L. Souza","P. Santos","Coleta","Brasil","BR","Rio de Janeiro","Itatiaia","Parque Nacional do Itatiaia","-22.4172","-44.64061","3","Floresta Atlântica montana"
"MN-0043606","Sturnella superciliaris","(Bonaparte, 1850)","Icteridae","Sturnella","Polícia-inglesa-do-sul","04","07","2015","04","07","2015","04/07/2015","R. Cunha","L. Souza","Registro fotográfico","Brasil","BR","Rio Grande do Sul","Santa Maria","Morro da Caturrita","-29.72098","-53.81422","","Campos do Pampa"
"MN-0043803","Panthera onca","(Linnaeus, 1758)","Felidae","Panthera","Onça-pintada","19","09","2017","19","08","2018","19/09/2017","R. Cunha","P. Santos","Armadilha fotográfica","Brasil","BR","Mato Grosso","Poconé","Porto Jofre (Transpantaneira)","-17.38604","-56.76612","1","Planície de inundação do Pantanal"
"MN-0043721","Tangara cyanocephala","(Statius Müller, 1776)","Thraupidae","Tangara","Saíra-militar","07","11","2022","07","11","2022","07/11/2022","B. Carvalho","R. Cunha","Observação","Brasil","BR","Alagoas","Quebrangulo","Estação Ecológica de Pedra Talhada","-9.26634","-36.41962","1","Brejo de altitude"
"MN-0043215","Swietenia macrophylla","King","Meliaceae","Swietenia","Mogno","15","10","2024","15","10","2024","15/10/2024","B. Carvalho","P. Santos","Material preservado (herbário)","BRASIL","BR","Mato Grosso","Novo Mundo","RPPN Cristalino","-9.64416","-55.92348","3","Floresta amazônica (sul)"
"MN-0043788","Anodorhynchus leari","Bonaparte, 1856","Psittacidae","Anodorhynchus","Arara-azul-de-lear","10","03","2020","10","03","2020","10/03/2020","G. Nunes","L. Souza","Observação","Brasil","BR","Bahia","Jeremoabo","Estação Ecológica Raso da Catarina","-9.60337","-38.46595","2","Caatinga arbórea"
"MN-0043121","Procnias nudicollis","(Vieillot, 1817)","Cotingidae","Procnias","Araponga-do-nordeste","08","05","2022","08","07","2022","08/05/2022","A. Maciel","T. Almeida","Registro fotográfico","Brasil","BR","Pernambuco","Tamandaré","Reserva Biológica de Saltinho","-8.70905","-35.17163","","Floresta Atlântica"
"MN-0043139","Sturnella superciliaris","(Bonaparte, 1850)","Icteridae","Sturnella","Polícia-inglesa-do-sul","22","04","2021","22","04","2021","22/04/2021","A. Maciel","A. Maciel","Observação em campo","Brasil","BR","Rio Grande do Sul","Santa Maria","Morro da Caturrita","-29.65524","-53.82379","2","Campos do Pampa"
"MN-0043526","Procnias nudicollis","(Vieillot, 1817)","Cotingidae","Procnias","Araponga-do-nordeste","09","10","2022","09","11","2022","09/10/2022","G. Nunes","J. Pereira","Observação","Brasil","BR","Pernambuco","Tamandaré","Reserva Biológica de Saltinho","-8.76231","-35.17596","2","Floresta Atlântica"
"MN-0043438","Tapirus terrestris","(Linnaeus, 1758)","Tapiridae","Tapirus","Anta","22","11","2020","22","08","2021","22/11/2020","L. Souza","T. Almeida","Armadilha fotográfica","Brasil","BR","Goiás","Mineiros","Parque Nacional das Emas","-18.25165","-52.95288","","Cerrado / campo limpo"
"MN-0043626","Leontopithecus rosalia","(Linnaeus, 1766)","Callitrichidae","Leontopithecus","Mico-leão-dourado","05","02","2023","05","02","2023","05/02/2023","B. Carvalho","L. Souza","Observação em campo","Brasil","BR","Rio de Janeiro","Silva Jardim","Reserva Biológica de Poço das Antas","-22.58827","-42.28289","5","Floresta Atlântica"
"MN-0043523","Ateles paniscus","(Linnaeus, 1758)","Atelidae","Ateles","Macaco-aranha-de-cara-vermelha","10","04","2015","10","04","2015","10/04/2015","J. Pereira","A. Maciel","Observação em campo","Brasil","BR","Pará","Melgaço","Floresta Nacional de Caxiuanã","-1.72401","-51.42906","2","Floresta de terra firme"
"","Cereus jamacaru","DC.","Cactaceae","Cereus","Mandacaru","05","12","2019","05","03","2020","05/12/2019","F. Oliveira","D. Rocha","Material preservado (herbário)","Brasil","BR","Bahia","Jeremoabo","Estação Ecológica Raso da Catarina","-9.59736","-38.49777","","Caatinga arbórea"
"MN-0043495","Anodorhynchus hyacinthinus","(Latham, 1790)","Psittacidae","Anodorhynchus","Arara-azul-grande","20","10","2020","20","12","2020","20/10/2020","B. Carvalho","P. Santos","Registro fotográfico","Brasil","BR","Mato Grosso do Sul","Miranda","RPPN Caiman","-19.91054","-56.33634","2","Planície de inundação do Pantanal"
"MN-0043223","Sporophila albogularis","(Spix, 1825)","Thraupidae","Sporophila","Golinho","12","02","2023","12","03","2023","12/02/2023","B. Carvalho","B. Carvalho","Espécime preservado","","BR","Bahia","Jeremoabo","Estação Ecológica Raso da Catarina","-9.63948","-38.52548","1","Caatinga arbórea"
"MN-0043422","Caiman yacare","(Daudin, 1802)","Alligatoridae","Caiman","Jacaré-do-pantanal","03","12","2023","03","01","2024","03/12/2023","P. Santos","R. Cunha","Registro fotográfico","Brasil","BR","Mato Grosso","Poconé","Porto Jofre (Transpantaneira)","-17.30512","-56.7295","3","Planície de inundação do Pantanal"
"MN-0042950","Myrmecophaga tridactyla","Linnaeus, 1758","Myrmecophagidae","Myrmecophaga","Tamanduá-bandeira","12","02","2016","12","02","2017","12/02/2016","J. Pereira","B. Carvalho","Armadilha fotográfica","Brasil","BR","Goiás","Mineiros","Parque Nacional das Emas","-18.24932","-52.95911","1","Cerrado / campo limpo"
"MN-0043700","Myrmecophaga tridactyla","Linnaeus, 1758","Myrmecophagidae","Myrmecophaga","Tamanduá-bandeira","21","08","2016","21","03","2017","21/08/2016","G. Nunes","J. Pereira","Registro fotográfico","Brasil","BR","Goiás","Alto Paraíso de Goiás","Parque Nacional da Chapada dos Veadeiros","-14.13579","-47.48456","4","Cerrado sentido restrito"
"MN-0042930","Pyrrhura griseipectus","Salvadori, 1900","Psittacidae","Pyrrhura","Tiriba-de-peito-cinza","15","04","2017","15","07","2017","15/04/2017","R. Cunha","G. Nunes","Observação em campo","Brasil","BR","Ceará","Quixadá","Serra do Estevão","-4.978","-39.00249","1","Caatinga / serra úmida"
"MN-0043379","Chrysocyon brachyurus","(Illiger, 1815)","Canidae","Chrysocyon","Lobo-guará","26","06","2024","26","06","2025","26/06/2024","L. Souza","P. Santos","Armadilha fotográfica","Brasil","BR","Goiás","Mineiros","Parque Nacional das Emas","-18.29546","-52.96424","1","Cerrado / campo limpo"
"MN-0043538","Ramphastos tucanus","Linnaeus, 1758","Ramphastidae","Ramphastos","Tucano-grande-de-papo-branco","19","07","2021","19","08","2021","19/07/2021","G. Nunes","M. Andrade","Observação em campo","Brasil","BR","Mato Grosso","Novo Mundo","RPPN Cristalino","-9.61234","-55.9298","2","Floresta amazônica (sul)"
"MN-0043030","Penelope jacucaca","Spix, 1825","Cracidae","Penelope","Jacucaca","01","09","2023","01","09","2023","01/09/2023","M. Andrade","D. Rocha","Observação em campo","Brasil","BR","Bahia","Boa Nova","Parque Nacional de Boa Nova","-14.40416","-40.1874","1","Mata-de-cipó"
"MN-0043829","Cereus jamacaru","DC.","Cactaceae","Cereus","Mandacaru","12","03","2022","12","05","2022","12/03/2022","R. Cunha","R. Cunha","Coleta","Brasil","BR","Bahia","Jeremoabo","Estação Ecológica Raso da Catarina","-9.57646","-38.46312","1","Caatinga arbórea"
"MN-0043864","Rhea americana","(Linnaeus, 1758)","Rheidae","Rhea","Ema","07","04","2023","07","04","2023","07/04/2023","P. Santos","L. Souza","Observação","Brasil","BR","Goiás","Mineiros","Parque Nacional das Emas","-18.26009","-52.92684","","Cerrado / campo limpo"
"MN-0043170","Tangara fastuosa","(Lesson, 1831)","Thraupidae","Tangara","Saíra-de-sete-cores","27","03","2022","27","05","2022","27/03/2022","T. Almeida","R. Cunha","Observação","Brasil","BR","Pernambuco","Tamandaré","Reserva Biológica de Saltinho","-8.72554","-35.19566","2","Floresta Atlântica"
"MN-0043315","Procnias nudicollis","(Vieillot, 1817)","Cotingidae","Procnias","Araponga-do-nordeste","09","05","2017","09","05","2017","09/05/2017","T. Almeida","B. Carvalho","Observação em campo","Brasil","BR","Pernambuco","Tamandaré","Reserva Biológica de Saltinho","-8.70683","-35.18474","2","Floresta Atlântica"
"MN-0043274","Anodorhynchus hyacinthinus","(Latham, 1790)","Psittacidae","Anodorhynchus","Arara-azul-grande","07","05","2020","07","08","2020","07/05/2020","M. Andrade","D. Rocha","Observação","Brasil","BR","Mato Grosso","Poconé","Porto Jofre (Transpantaneira)","-17.35604","-56.76831","1","Planície de inundação do Pantanal"
"","Myrmecophaga tridactyla","Linnaeus, 1758","Myrmecophagidae","Myrmecophaga","Tamanduá-bandeira","07","04","2015","07","09","2015","07/04/2015","L. Souza","P. Santos","Armadilha fotográfica","Brasil","BR","Goiás","Mineiros","Parque Nacional das Emas","-18.32088","-52.96131","1","Cerrado / campo limpo"
"MN-0043398","Panthera onca","(Linnaeus, 1758)","Felidae","Panthera","Onça-pintada","27","06","2015","27","06","2016","27/06/2015","L. Souza","D. Rocha","Armadilha fotográfica","Brasil","BR","Mato Grosso do Sul","Miranda","RPPN Caiman","-19.97858","-56.31271","4","Planície de inundação do Pantanal"
"MN-0043111","Sturnella superciliaris","(Bonaparte, 1850)","Icteridae","Sturnella","Polícia-inglesa-do-sul","28","12","2023","28","01","2024","28/12/2023","T. Almeida","L. Souza","Registro fotográfico","Brasil","BR","Rio Grande do Sul","Santa Maria","Morro da Caturrita","-29.6785","-53.83601","1","Campos do Pampa"
"MN-0043525","Leontopithecus rosalia","(Linnaeus, 1766)","Callitrichidae","Leontopithecus","Mico-leão-dourado","","04","2022","","07","2022","04/2022","D. Rocha","D. Rocha","Observação","Brasil","BR","Rio de Janeiro","Silva Jardim","Reserva Biológica de Poço das Antas","-22.54705","-42.23234","1","Floresta Atlântica"
"MN-0043578","Phylloscartes ceciliae","Teixeira, 1987","Tyrannidae","Phylloscartes","Cara-pintada","28","12","2024","28","01","2025","28/12/2024","G. Nunes","B. Carvalho","Registro fotográfico","BRASIL","BR","Alagoas","Murici","Estação Ecológica de Murici","-9.21204","-35.86516","3","Floresta Atlântica"
"MN-0043689","Mycteria americana","Linnaeus, 1758","Ciconiidae","Mycteria","Cabeça-seca","","05","2024","","05","2024","05/2024","B. Carvalho","F. Oliveira","Observação","Brasil","BR","Mato Grosso","Poconé","Porto Jofre (Transpantaneira)","-17.36812","-56.81011","2","Planície de inundação do Pantanal"
"MN-0043859","Penelope jacucaca","Spix, 1825","Cracidae","Penelope","Jacucaca","15","05","2016","15","05","2016","15/05/2016","B. Carvalho","P. Santos","Observação em campo","Brasil","BR","Bahia","Boa Nova","Parque Nacional de Boa Nova","-14.39323","-40.17747","3","Mata-de-cipó"
"MN-0043841","Procnias nudicollis","(Vieillot, 1817)","Cotingidae","Procnias","Araponga-do-nordeste","24","11","2019","24","11","2019","24/11/2019","M. Andrade","R. Cunha","Observação em campo","Brasil","BR","São Paulo","São Miguel Arcanjo","Parque Estadual Carlos Botelho","-24.03272","-47.98213","5","Floresta Atlântica"
"MN-0043586","Anodorhynchus leari","Bonaparte, 1856","Psittacidae","Anodorhynchus","Arara-azul-de-lear","11","03","2022","11","03","2022","11/03/2022","D. Rocha","A. Maciel","Observação","Brasil","BR","Bahia","Canudos","ARIE Serra Branca","-9.89041","-39.0302","","Caatinga arbórea"
"MN-0043541","Butia odorata","(Barb.Rodr.) Noblick","Arecaceae","Butia","Butiá","26","10","2016","26","12","2016","26/10/2016","T. Almeida","G. Nunes","Espécime preservado","Brasil","BR","Rio Grande do Sul","Canguçu","Serra do Sudeste (zona rural)","-31.39619","-52.68973","1","Campos do Pampa"
"MN-0043648","Panthera onca","(Linnaeus, 1758)","Felidae","Panthera","Onça-pintada","10","04","2017","10","05","2018","10/04/2017","P. Santos","C. Lima","Observação","Brasil","BR","Mato Grosso","Poconé","Porto Jofre (Transpantaneira)","-17.33813","-56.77111","2","Planície de inundação do Pantanal"
"MN-0042898","Rhea americana","(Linnaeus, 1758)","Rheidae","Rhea","Ema","24","02","2022","24","03","2022","24/02/2022","C. Lima","D. Rocha","Observação em campo","Brasil","BR","Goiás","Mineiros","Parque Nacional das Emas","-18.30937","-52.96447","6","Cerrado / campo limpo"
"MN-0043288","Penelope jacucaca","Spix, 1825","Cracidae","Penelope","Jacucaca","06","06","2021","06","07","2021","06/06/2021","M. Andrade","B. Carvalho","Observação em campo","Brasil","BR","Pernambuco","Buíque","Parque Nacional do Catimbau","-8.53687","-37.25597","4","Caatinga arbórea"
"","Anodorhynchus leari","Bonaparte, 1856","Psittacidae","Anodorhynchus","Arara-azul-de-lear","17","07","2021","17","09","2021","17/07/2021","F. Oliveira","P. Santos","Registro fotográfico","Brasil","BR","Bahia","Canudos","ARIE Serra Branca","-9.90333","-38.99347","2","Caatinga arbórea"
"MN-0043459","Sporophila albogularis","(Spix, 1825)","Thraupidae","Sporophila","Golinho","13","07","2017","13","07","2017","13/07/2017","B. Carvalho","G. Nunes","Coleta","Brasil","BR","Bahia","Jeremoabo","Estação Ecológica Raso da Catarina","-9.64628","-38.53708","5","Caatinga arbórea"
"MN-0043349","Chrysocyon brachyurus","(Illiger, 1815)","Canidae","Chrysocyon","Lobo-guará","10","01","2024","10","02","2025","10/01/2024","A. Maciel","C. Lima","Registro fotográfico","Brasil","BR","Minas Gerais","São Roque de Minas","Parque Nacional da Serra da Canastra","-20.27238","-46.50175","1","Campo rupestre / rio de planalto"
"MN-0043517","Tapirus terrestris","(Linnaeus, 1758)","Tapiridae","Tapirus","Anta","13","06","2015","13","08","2016","13/06/2015","P. Santos","T. Almeida","Registro fotográfico","Brasil","BR","Minas Gerais","São Roque de Minas","Parque Nacional da Serra da Canastra","-20.30583","-46.48835","","Campo rupestre / rio de planalto"
"MN-0042940","Cereus jamacaru","DC.","Cactaceae","Cereus","Mandacaru","21","04","2016","21","04","2016","21/04/2016","F. Oliveira","G. Nunes","Espécime preservado","BRASIL","BR","Bahia","Jeremoabo","Estação Ecológica Raso da Catarina","-9.62489","-38.46735","","Caatinga arbórea"
"MN-0043746","Bertholletia excelsa","Bonpl.","Lecythidaceae","Bertholletia","Castanheira-do-pará","21","09","2015","21","12","2015","21/09/2015","L. Souza","M. Andrade","Espécime preservado","Brasil","BR","Pará","Melgaço","Floresta Nacional de Caxiuanã","-1.74273","-51.4975","1","Floresta de terra firme"
"","Paroaria dominicana","(Linnaeus, 1758)","Thraupidae","Paroaria","Cardeal-do-nordeste","28","07","2022","28","10","2022","28/07/2022","D. Rocha","D. Rocha","Material preservado (herbário)","Brasil","BR","Pernambuco","Buíque","Parque Nacional do Catimbau","-8.47577","-37.21418","4","Caatinga arbórea"
"MN-0043334","Brachyteles arachnoides","(É. Geoffroy, 1806)","Atelidae","Brachyteles","Muriqui-do-sul","01","10","2018","01","10","2018","01/10/2018","A. Maciel","L. Souza","Observação em campo","Brasil","BR","Rio de Janeiro","Itatiaia","Parque Nacional do Itatiaia","-22.41687","-44.5886","4","Floresta Atlântica montana"
"MN-0043461","Prosopis affinis","Spreng.","Fabaceae","Prosopis","Inhanduvá","19","09","2020","19","12","2020","19/09/2020","G. Nunes","G. Nunes","Coleta","Brasil","BR","Rio Grande do Sul","Barra do Quaraí","Parque Estadual do Espinilho","-30.19187","-57.56266","2","Savana-estépica (Pampa)"
"MN-0043077","Caryocar brasiliense","Cambess.","Caryocaraceae","Caryocar","Pequi","01","12","2016","01","12","2016","01/12/2016","F. Oliveira","L. Souza","Espécime preservado","Brasil","BR","Goiás","Alto Paraíso de Goiás","Parque Nacional da Chapada dos Veadeiros","-14.16155","-47.48167","2","Cerrado sentido restrito"
"MN-0043397","Cereus jamacaru","DC.","Cactaceae","Cereus","Mandacaru","12","01","2019","12","01","2019","12/01/2019","R. Cunha","C. Lima","Espécime preservado","Brasil","BR","Pernambuco","Buíque","Parque Nacional do Catimbau","-8.50691","-37.23602","2","Caatinga arbórea"
"MN-0043300","Leopardus geoffroyi","(d'Orbigny & Gervais, 1844)","Felidae","Leopardus","Gato-do-mato-grande","09","03","2015","09","07","2016","09/03/2015","R. Cunha","C. Lima","Observação","Brasil","BR","Rio Grande do Sul","Aceguá","Coxilhas de Aceguá","-31.69492","-54.18071","2","Campos do Pampa"
"MN-0043421","Procnias nudicollis","(Vieillot, 1817)","Cotingidae","Procnias","Araponga-do-nordeste","09","03","2018","09","04","2018","09/03/2018","B. Carvalho","G. Nunes","Observação em campo","Brasil","BR","São Paulo","São Miguel Arcanjo","Parque Estadual Carlos Botelho","-24.05266","-47.96184","1","Floresta Atlântica"
"MN-0043486","Leopardus geoffroyi","(d'Orbigny & Gervais, 1844)","Felidae","Leopardus","Gato-do-mato-grande","18","03","2023","18","01","2024","18/03/2023","J. Pereira","D. Rocha","Armadilha fotográfica","Brasil","BR","Rio Grande do Sul","Aceguá","Coxilhas de Aceguá","-31.65798","-54.17381","4","Campos do Pampa"
"MN-0043380","Paroaria dominicana","(Linnaeus, 1758)","Thraupidae","Paroaria","Cardeal-do-nordeste","01","12","2022","01","01","2023","01/12/2022","J. Pereira","L. Souza","Observação","Brasil","BR","Bahia","Jeremoabo","Estação Ecológica Raso da Catarina","-9.63452","-38.50875","1","Caatinga arbórea"
"MN-0043715","Tangara fastuosa","(Lesson, 1831)","Thraupidae","Tangara","Saíra-de-sete-cores","22","01","2019","22","01","2019","22/01/2019","D. Rocha","P. Santos","Material preservado (herbário)","Brasil","BR","Alagoas","Quebrangulo","Estação Ecológica de Pedra Talhada","-9.26181","-36.44484","1","Brejo de altitude"
"","Mycteria americana","Linnaeus, 1758","Ciconiidae","Mycteria","Cabeça-seca","06","09","2017","06","11","2017","06/09/2017","A. Maciel","B. Carvalho","Observação em campo","Brasil","BR","Mato Grosso do Sul","Corumbá","Estrada Parque Pantanal","-19.01665","-57.60907","1","Planície de inundação do Pantanal"
"MN-0043753","Tangara fastuosa","(Lesson, 1831)","Thraupidae","Tangara","Saíra-de-sete-cores","28","07","2017","28","10","2017","28/07/2017","P. Santos","M. Andrade","Observação em campo","Brasil","BR","Alagoas","Quebrangulo","Estação Ecológica de Pedra Talhada","-9.28069","-36.42573","2","Brejo de altitude"
"MN-0042933","Jabiru mycteria","(Lichtenstein, 1819)","Ciconiidae","Jabiru","Tuiuiú","10","04","2023","10","05","2023","10/04/2023","J. Pereira","P. Santos","Registro fotográfico","BRASIL","BR","Mato Grosso","Poconé","Porto Jofre (Transpantaneira)","-17.32463","-56.77816","1","Planície de inundação do Pantanal"
"MN-0043530","Sturnella superciliaris","(Bonaparte, 1850)","Icteridae","Sturnella","Polícia-inglesa-do-sul","28","01","2016","28","01","2016","28/01/2016","T. Almeida","F. Oliveira","Observação","BRASIL","BR","Rio Grande do Sul","Aceguá","Coxilhas de Aceguá","-31.67318","-54.17048","3","Campos do Pampa"
"MN-0043189","Procnias nudicollis","(Vieillot, 1817)","Cotingidae","Procnias","Araponga-do-nordeste","09","10","2016","09","12","2016","09/10/2016","M. Andrade","C. Lima","Observação em campo","Brasil","BR","São Paulo","São Miguel Arcanjo","Parque Estadual Carlos Botelho","-24.0478","-48.00958","2","Floresta Atlântica"
"MN-0043389","Ramphastos tucanus","Linnaeus, 1758","Ramphastidae","Ramphastos","Tucano-grande-de-papo-branco","27","10","2022","27","11","2022","27/10/2022 05:45","P. Santos","A. Maciel","Registro fotográfico","Brasil","BR","Amazonas","Manaus","Reserva Florestal Adolpho Ducke","-2.91253","-60.00606","1","Floresta de terra firme"
"MN-0043446","Dipteryx alata","Vogel","Fabaceae","Dipteryx","Baru","05","03","2017","05","06","2017","05/03/2017 19:55","D. Rocha","T. Almeida","Material preservado (herbário)","Brasil","BR","Goiás","Mineiros","Parque Nacional das Emas","-18.31259","-52.90945","1","Cerrado / campo limpo"
"MN-0043500","Pyrrhura griseipectus","Salvadori, 1900","Psittacidae","Pyrrhura","Tiriba-de-peito-cinza","10","02","2020","10","02","2020","10/02/2020","F. Oliveira","B. Carvalho","Registro fotográfico","Brasil","BR","Ceará","Quixadá","Serra do Estevão","-4.94848","-39.05333","1","Caatinga / serra úmida"
"MN-0042963","Mergus octosetaceus","Vieillot, 1817","Anatidae","Mergus","Pato-mergulhão","18","03","2023","18","05","2023","18/03/2023","C. Lima","D. Rocha","Observação","Brasil","BR","Minas Gerais","São Roque de Minas","Parque Nacional da Serra da Canastra","-20.27903","-46.55187","1","Campo rupestre / rio de planalto"
"MN-0042928","Caryocar brasiliense","Cambess.","Caryocaraceae","Caryocar","Pequi","13","06","2019","13","09","2019","13/06/2019","L. Souza","F. Oliveira","Espécime preservado","Brasil","BR","Goiás","Alto Paraíso de Goiás","Parque Nacional da Chapada dos Veadeiros","-14.16191","-47.52808","2","Cerrado sentido restrito"
"MN-0043234","Anodorhynchus hyacinthinus","(Latham, 1790)","Psittacidae","Anodorhynchus","Arara-azul-grande","08","08","2024","08","08","2024","08/08/2024","A. Maciel","R. Cunha","Registro fotográfico","Brasil","BR","Mato Grosso do Sul","Corumbá","Estrada Parque Pantanal","-18.97086","-57.63548","1","Planície de inundação do Pantanal"
"MN-0043184","Caryocar brasiliense","Cambess.","Caryocaraceae","Caryocar","Pequi","05","10","2019","05","10","2019","05/10/2019","A. Maciel","B. Carvalho","Coleta","Brasil","BR","Distrito Federal","Brasília","Estação Ecológica de Águas Emendadas","-15.55375","-47.5974","1","Cerrado / vereda"
"","Sporophila albogularis","(Spix, 1825)","Thraupidae","Sporophila","Golinho","06","10","2023","06","12","2023","06/10/2023","A. Maciel","C. Lima","Observação","Brasil","BR","Bahia","Jeremoabo","Estação Ecológica Raso da Catarina","-9.63388","-38.49188","3","Caatinga arbórea"
"MN-0043528","Mycteria americana","Linnaeus, 1758","Ciconiidae","Mycteria","Cabeça-seca","10","11","2020","10","01","2021","10/11/2020","P. Santos","P. Santos","Observação em campo","Brasil","BR","Mato Grosso do Sul","Corumbá","Estrada Parque Pantanal","-18.97511","-57.68489","2","Planície de inundação do Pantanal"
"MN-0043418","Euterpe edulis","Mart.","Arecaceae","Euterpe","Palmito-juçara","09","10","2024","09","11","2024","09/10/2024","C. Lima","J. Pereira","Espécime preservado","Brasil","BR","São Paulo","São Miguel Arcanjo","Parque Estadual Carlos Botelho","-24.05368","-47.97326","1","Floresta Atlântica"
"MN-0043887","Caryocar brasiliense","Cambess.","Caryocaraceae","Caryocar","Pequi","","03","2024","","06","2024","03/2024","G. Nunes","T. Almeida","Espécime preservado","Brasil","BR","Distrito Federal","Brasília","Estação Ecológica de Águas Emendadas","-15.5855","-47.61249","1","Cerrado / vereda"
"MN-0043845","Paroaria dominicana","(Linnaeus, 1758)","Thraupidae","Paroaria","Cardeal-do-nordeste","07","07","2019","07","10","2019","07/07/2019","M. Andrade","M. Andrade","Material preservado (herbário)","Brasil","BR","Pernambuco","Buíque","Parque Nacional do Catimbau","-8.52273","-37.28107","1","Caatinga arbórea"
"MN-0043751","Victoria amazonica","(Poepp.) J.C.Sowerby","Nymphaeaceae","Victoria","Vitória-régia","14","04","2024","14","04","2024","14/04/2024","L. Souza","B. Carvalho","Espécime preservado","Brasil","BR","Amazonas","Tefé","RDS Mamirauá","-3.07373","-64.84141","","Várzea amazônica"
"MN-0043148","Spinus yarrellii","(Audubon, 1839)","Fringillidae","Spinus","Pintassilgo-do-nordeste","27","06","2016","27","08","2016","27/06/2016","M. Andrade","T. Almeida","Observação em campo","Brasil","BR","Ceará","Quixadá","Serra do Estevão","-4.95968","-39.05921","3","Caatinga / serra úmida"
"MN-0043435","Chrysocyon brachyurus","(Illiger, 1815)","Canidae","Chrysocyon","Lobo-guará","03","01","2018","03","04","2018","03/01/2018","P. Santos","J. Pereira","Armadilha fotográfica","","BR","Goiás","Alto Paraíso de Goiás","Parque Nacional da Chapada dos Veadeiros","-14.17379","-47.48477","1","Cerrado sentido restrito"
"MN-0043081","Victoria amazonica","(Poepp.) J.C.Sowerby","Nymphaeaceae","Victoria","Vitória-régia","13","04","2021","13","06","2021","13/04/2021","M. Andrade","D. Rocha","Material preservado (herbário)","Brasil","BR","Amazonas","Tefé","RDS Mamirauá","-3.06087","-64.79963","4","Várzea amazônica"
"MN-0043307","Paroaria dominicana","(Linnaeus, 1758)","Thraupidae","Paroaria","Cardeal-do-nordeste","16","11","2020","16","11","2020","16/11/2020","T. Almeida","M. Andrade","Material preservado (herbário)","Brasil","BR","Bahia","Curaçá","Riacho Melância","-9.20374","-39.824","2","Caatinga arbustiva"
"MN-0043659","Mergus octosetaceus","Vieillot, 1817","Anatidae","Mergus","Pato-mergulhão","12","09","2024","12","10","2024","12/09/2024","C. Lima","F. Oliveira","Registro fotográfico","Brasil","BR","Minas Gerais","São Roque de Minas","Parque Nacional da Serra da Canastra","-20.29056","-46.55607","2","Campo rupestre / rio de planalto"
"MN-0043625","Chrysocyon brachyurus","(Illiger, 1815)","Canidae","Chrysocyon","Lobo-guará","18","09","2019","18","01","2020","18/09/2019","R. Cunha","C. Lima","Registro fotográfico","Brasil","BR","Goiás","Mineiros","Parque Nacional das Emas","-18.25289","-52.90163","2","Cerrado / campo limpo"
"MN-0043734","Phylloscartes ceciliae","Teixeira, 1987","Tyrannidae","Phylloscartes","Cara-pintada","22","05","2016","22","08","2016","22/05/2016","B. Carvalho","G. Nunes","Observação","Brasil","BR","Alagoas","Murici","Estação Ecológica de Murici","-9.17579","-35.87872","3","Floresta Atlântica"
"MN-0043063","Euterpe edulis","Mart.","Arecaceae","Euterpe","Palmito-juçara","20","04","2018","20","04","2018","20/04/2018","R. Cunha","C. Lima","Espécime preservado","Brasil","BR","São Paulo","São Miguel Arcanjo","Parque Estadual Carlos Botelho","-24.0527","-47.96215","4","Floresta Atlântica"
"MN-0042985","Procnias nudicollis","(Vieillot, 1817)","Cotingidae","Procnias","Araponga-do-nordeste","20","03","2021","20","05","2021","20/03/2021","T. Almeida","T. Almeida","Registro fotográfico","Brasil","BR","Pernambuco","Tamandaré","Reserva Biológica de Saltinho","-8.69207","-35.12862","2","Floresta Atlântica"
"MN-0043458","Procnias nudicollis","(Vieillot, 1817)","Cotingidae","Procnias","Araponga-do-nordeste","05","01","2017","05","01","2017","05/01/2017","T. Almeida","P. Santos","Registro fotográfico","Brasil","BR","São Paulo","São Miguel Arcanjo","Parque Estadual Carlos Botelho","-24.06931","-48.01923","6","Floresta Atlântica"
"MN-0043886","Sturnella superciliaris","(Bonaparte, 1850)","Icteridae","Sturnella","Polícia-inglesa-do-sul","25","08","2017","25","08","2017","25/08/2017","P. Santos","G. Nunes","Observação em campo","Brasil","BR","Rio Grande do Sul","Aceguá","Coxilhas de Aceguá","-31.67397","-54.18464","","Campos do Pampa"
"MN-0043248","Caiman yacare","(Daudin, 1802)","Alligatoridae","Caiman","Jacaré-do-pantanal","11","12","2016","11","03","2017","11/12/2016","J. Pereira","A. Maciel","Observação","Brasil","BR","Mato Grosso do Sul","Corumbá","Estrada Parque Pantanal","-19.04152","-57.65591","1","Planície de inundação do Pantanal"
"MN-0043080","Procnias nudicollis","(Vieillot, 1817)","Cotingidae","Procnias","Araponga-do-nordeste","04","06","2017","04","06","2017","04/06/2017","G. Nunes","J. Pereira","Observação em campo","BRASIL","BR","São Paulo","São Miguel Arcanjo","Parque Estadual Carlos Botelho","-24.08452","-47.98306","1","Floresta Atlântica"
"MN-0043289","Tangara cyanocephala","(Statius Müller, 1776)","Thraupidae","Tangara","Saíra-militar","25","12","2015","25","02","2016","25/12/2015","A. Maciel","C. Lima","Material preservado (herbário)","Brasil","BR","São Paulo","São Miguel Arcanjo","Parque Estadual Carlos Botelho","-24.09325","-47.94566","1","Floresta Atlântica"
"MN-0042893","Ateles paniscus","(Linnaeus, 1758)","Atelidae","Ateles","Macaco-aranha-de-cara-vermelha","24","11","2016","24","12","2016","24/11/2016","F. Oliveira","A. Maciel","Observação","Brasil","BR","Pará","Melgaço","Floresta Nacional de Caxiuanã","-1.73958","-51.44095","2","Floresta de terra firme"
"MN-0043335","Anodorhynchus hyacinthinus","(Latham, 1790)","Psittacidae","Anodorhynchus","Arara-azul-grande","25","08","2019","25","08","2019","25/08/2019","L. Souza","C. Lima","Observação","BRASIL","BR","Mato Grosso do Sul","Miranda","RPPN Caiman","-19.90531","-56.31005","1","Planície de inundação do Pantanal"
"MN-0042892","Ramphastos tucanus","Linnaeus, 1758","Ramphastidae","Ramphastos","Tucano-grande-de-papo-branco","21","12","2022","21","02","2023","21/12/2022","G. Nunes","B. Carvalho","Observação em campo","Brasil","BR","Pará","Melgaço","Floresta Nacional de Caxiuanã","-1.71625","-51.48625","1","Floresta de terra firme"
"MN-0043507","Jabiru mycteria","(Lichtenstein, 1819)","Ciconiidae","Jabiru","Tuiuiú","12","01","2021","12","04","2021","12/01/2021","A. Maciel","J. Pereira","Observação em campo","Brasil","BR","Mato Grosso do Sul","Corumbá","Estrada Parque Pantanal","-19.01207","-57.65372","5","Planície de inundação do Pantanal"
"MN-0043067","Victoria amazonica","(Poepp.) J.C.Sowerby","Nymphaeaceae","Victoria","Vitória-régia","16","05","2021","16","06","2021","16/05/2021","C. Lima","A. Maciel","Coleta","Brasil","BR","Amazonas","Tefé","RDS Mamirauá","-3.08425","-64.79431","1","Várzea amazônica"
"MN-0042939","Anodorhynchus leari","Bonaparte, 1856","Psittacidae","Anodorhynchus","Arara-azul-de-lear","20","06","2016","20","06","2016","20/06/2016","M. Andrade","R. Cunha","Registro fotográfico","Brasil","BR","Bahia","Jeremoabo","Estação Ecológica Raso da Catarina","-9.6276","-38.53908","3","Caatinga arbórea"
"MN-0043780","Tangara cyanocephala","(Statius Müller, 1776)","Thraupidae","Tangara","Saíra-militar","10","01","2020","10","01","2020","10/01/2020","T. Almeida","D. Rocha","Observação em campo","Brasil","BR","São Paulo","São Miguel Arcanjo","Parque Estadual Carlos Botelho","-24.10202","-47.95459","1","Floresta Atlântica"
"MN-0043306","Tangara fastuosa","(Lesson, 1831)","Thraupidae","Tangara","Saíra-de-sete-cores","13","11","2018","13","11","2018","2018/11/13","F. Oliveira","F. Oliveira","Espécime preservado","Brasil","BR","Alagoas","Quebrangulo","Estação Ecológica de Pedra Talhada","-9.23982","-36.44981","1","Brejo de altitude"
"","Jabiru mycteria","(Lichtenstein, 1819)","Ciconiidae","Jabiru","Tuiuiú","23","10","2018","23","01","2019","23/10/2018","B. Carvalho","D. Rocha","Registro fotográfico","Brasil","BR","Mato Grosso do Sul","Corumbá","Estrada Parque Pantanal","-19.03745","-57.62755","6","Planície de inundação do Pantanal"
"MN-0043029","Antilophia galeata","(Lichtenstein, 1823)","Pipridae","Antilophia","Soldadinho","24","04","2017","24","04","2017","24/04/2017","T. Almeida","B. Carvalho","Observação","Brasil","BR","Goiás","Alto Paraíso de Goiás","Parque Nacional da Chapada dos Veadeiros","-14.11745","-47.56173","5","Cerrado sentido restrito"
"MN-0043259","Spinus yarrellii","(Audubon, 1839)","Fringillidae","Spinus","Pintassilgo-do-nordeste","26","09","2021","26","09","2021","26/09/2021","R. Cunha","B. Carvalho","Observação","Brasil","BR","Bahia","Boa Nova","Parque Nacional de Boa Nova","-14.36331","-40.24414","2","Mata-de-cipó"
"MN-0043569","Tangara fastuosa","(Lesson, 1831)","Thraupidae","Tangara","Saíra-de-sete-cores","05","01","2016","05","01","2016","05/01/2016","D. Rocha","D. Rocha","Coleta","Brasil","BR","Alagoas","Quebrangulo","Estação Ecológica de Pedra Talhada","-9.21932","-36.42788","1","Brejo de altitude"
"MN-0043107","Tangara cyanocephala","(Statius Müller, 1776)","Thraupidae","Tangara","Saíra-militar","10","01","2016","10","02","2016","10/01/2016","M. Andrade","B. Carvalho","Espécime preservado","Brasil","BR","São Paulo","São Miguel Arcanjo","Parque Estadual Carlos Botelho","-24.08505","-47.94227","3","Floresta Atlântica"
"MN-0042825","Brachyteles arachnoides","(É. Geoffroy, 1806)","Atelidae","Brachyteles","Muriqui-do-sul","28","11","2021","28","02","2022","28/11/2021","R. Cunha","M. Andrade","Registro fotográfico","Brasil","BR","São Paulo","São Miguel Arcanjo","Parque Estadual Carlos Botelho","-24.08346","-47.95973","4","Floresta Atlântica"
"","Sporophila albogularis","(Spix, 1825)","Thraupidae","Sporophila","Golinho","07","12","2016","07","01","2017","07/12/2016","M. Andrade","P. Santos","Espécime preservado","Brasil","BR","Pernambuco","Buíque","Parque Nacional do Catimbau","-8.5242","-37.25863","5","Caatinga arbórea"
"MN-0043241","Mergus octosetaceus","Vieillot, 1817","Anatidae","Mergus","Pato-mergulhão","12","06","2016","12","07","2016","12/06/2016","D. Rocha","P. Santos","Observação em campo","Brasil","BR","Minas Gerais","São Roque de Minas","Parque Nacional da Serra da Canastra","-20.26959","-46.49181","2","Campo rupestre / rio de planalto"
"MN-0043536","Paroaria dominicana","(Linnaeus, 1758)","Thraupidae","Paroaria","Cardeal-do-nordeste","24","12","2016","24","03","2017","24/12/2016","J. Pereira","L. Souza","Material preservado (herbário)","Brasil","BR","Bahia","Curaçá","Riacho Melância","-9.2146","-39.85367","4","Caatinga arbustiva"
"MN-0043825","Ateles paniscus","(Linnaeus, 1758)","Atelidae","Ateles","Macaco-aranha-de-cara-vermelha","22","05","2022","22","07","2022","22/05/2022","C. Lima","T. Almeida","Observação em campo","Brasil","BR","Pará","Melgaço","Floresta Nacional de Caxiuanã","-1.74045","-51.44164","4","Floresta de terra firme"
"MN-0042947","Dipteryx alata","Vogel","Fabaceae","Dipteryx","Baru","25","10","2024","25","10","2024","25/10/2024 08:24","L. Souza","C. Lima","Espécime preservado","Brasil","BR","Goiás","Mineiros","Parque Nacional das Emas","-18.28655","-52.92645","2","Cerrado / campo limpo"
"MN-0043429","Jabiru mycteria","(Lichtenstein, 1819)","Ciconiidae","Jabiru","Tuiuiú","09","06","2024","09","06","2024","09/06/2024","L. Souza","R. Cunha","Observação","Brasil","BR","Mato Grosso","Poconé","Porto Jofre (Transpantaneira)","-17.35965","-56.79011","1","Planície de inundação do Pantanal"
"MN-0043013","Paroaria dominicana","(Linnaeus, 1758)","Thraupidae","Paroaria","Cardeal-do-nordeste","17","05","2023","17","06","2023","17/05/2023","R. Cunha","F. Oliveira","Registro fotográfico","Brasil","BR","Bahia","Jeremoabo","Estação Ecológica Raso da Catarina","-9.64815","-38.53096","5","Caatinga arbórea"
"DEMO-DATE-01","Panthera onca","(Linnaeus, 1758)","Felidae","Panthera","Onça-pintada","25","02","2024","25","12","2025","25/02/2024","A. Maciel","R. Cunha","Armadilha fotográfica","Brasil","BR","Mato Grosso","Poconé","Estação de armadilha fotográfica (Transpantaneira)","-17.35","-56.77","3","Planície de inundação do Pantanal"
"MN-0043865","Leopardus geoffroyi","(d'Orbigny & Gervais, 1844)","Felidae","Leopardus","Gato-do-mato-grande","15","04","2024","15","01","2025","15/04/2024","J. Pereira","D. Rocha","Armadilha fotográfica","Brasil","BR","Rio Grande do Sul","Aceguá","Coxilhas de Aceguá","-31.64965","-54.15419","1","Campos do Pampa"
"MN-0042850","Sturnella superciliaris","(Bonaparte, 1850)","Icteridae","Sturnella","Polícia-inglesa-do-sul","21","08","2017","21","09","2017","21/08/2017","G. Nunes","B. Carvalho","Observação","Brasil","BR","Rio Grande do Sul","Santa Maria","Morro da Caturrita","-29.65954","-53.81859","2","Campos do Pampa"
"MN-0043295","Swietenia macrophylla","King","Meliaceae","Swietenia","Mogno","12","12","2020","12","02","2021","12/12/2020","R. Cunha","J. Pereira","Espécime preservado","Brasil","BR","Mato Grosso","Novo Mundo","RPPN Cristalino","-9.58287","-55.93821","1","Floresta amazônica (sul)"
"MN-0043112","Penelope jacucaca","Spix, 1825","Cracidae","Penelope","Jacucaca","08","09","2022","08","09","2022","08/09/2022","M. Andrade","M. Andrade","Observação em campo","Brasil","BR","Bahia","Jeremoabo","Estação Ecológica Raso da Catarina","-9.58891","-38.53666","2","Caatinga arbórea"
"MN-0043862","Dipteryx alata","Vogel","Fabaceae","Dipteryx","Baru","18","05","2022","18","05","2022","18/05/2022","B. Carvalho","C. Lima","Material preservado (herbário)","Brasil","BR","Goiás","Alto Paraíso de Goiás","Parque Nacional da Chapada dos Veadeiros","-14.13366","-47.50689","3","Cerrado sentido restrito"
"MN-0043830","Brachyteles arachnoides","(É. Geoffroy, 1806)","Atelidae","Brachyteles","Muriqui-do-sul","24","05","2023","24","07","2023","24/05/2023","B. Carvalho","C. Lima","Observação em campo","Brasil","BR","Rio de Janeiro","Itatiaia","Parque Nacional do Itatiaia","-22.423","-44.61493","1","Floresta Atlântica montana"
"MN-0043408","Procnias nudicollis","(Vieillot, 1817)","Cotingidae","Procnias","Araponga-do-nordeste","17","07","2017","17","09","2017","17/07/2017","M. Andrade","P. Santos","Observação","Brasil","BR","Pernambuco","Tamandaré","Reserva Biológica de Saltinho","-8.73557","-35.14073","3","Floresta Atlântica"
"MN-0043765","Ateles paniscus","(Linnaeus, 1758)","Atelidae","Ateles","Macaco-aranha-de-cara-vermelha","27","06","2016","27","06","2016","27/06/2016","P. Santos","G. Nunes","Observação","Brasil","BR","Pará","Melgaço","Floresta Nacional de Caxiuanã","-1.77514","-51.45385","1","Floresta de terra firme"
"MN-0042943","Sturnella superciliaris","(Bonaparte, 1850)","Icteridae","Sturnella","Polícia-inglesa-do-sul","03","04","2019","03","07","2019","03/04/2019","T. Almeida","C. Lima","Registro fotográfico","Brasil","BR","Rio Grande do Sul","Aceguá","Coxilhas de Aceguá","-31.63902","-54.16141","2","Campos do Pampa"
"MN-0043844","Tapirus terrestris","(Linnaeus, 1758)","Tapiridae","Tapirus","Anta","14","02","2015","14","04","2016","14/02/2015","D. Rocha","P. Santos","Armadilha fotográfica","Brasil","BR","Minas Gerais","São Roque de Minas","Parque Nacional da Serra da Canastra","-20.3263","-46.48891","1","Campo rupestre / rio de planalto"
"MN-0043706","Prosopis affinis","Spreng.","Fabaceae","Prosopis","Inhanduvá","23","07","2019","23","08","2019","23/07/2019 11:23","J. Pereira","J. Pereira","Material preservado (herbário)","Brasil","BR","Rio Grande do Sul","Barra do Quaraí","Parque Estadual do Espinilho","-30.20718","-57.55959","3","Savana-estépica (Pampa)"
"MN-0043744","Brachyteles arachnoides","(É. Geoffroy, 1806)","Atelidae","Brachyteles","Muriqui-do-sul","13","02","2021","13","02","2021","13/02/2021","A. Maciel","G. Nunes","Observação em campo","Brasil","BR","São Paulo","São Miguel Arcanjo","Parque Estadual Carlos Botelho","-24.07046","-47.98906","3","Floresta Atlântica"
"","Euterpe edulis","Mart.","Arecaceae","Euterpe","Palmito-juçara","08","03","2021","08","04","2021","08/03/2021","A. Maciel","R. Cunha","Espécime preservado","Brasil","BR","Rio de Janeiro","Itatiaia","Parque Nacional do Itatiaia","-22.46394","-44.56704","3","Floresta Atlântica montana"
"MN-0043192","Ateles paniscus","(Linnaeus, 1758)","Atelidae","Ateles","Macaco-aranha-de-cara-vermelha","13","01","2022","13","02","2022","13/01/2022","F. Oliveira","C. Lima","Registro fotográfico","Brasil","BR","Pará","Melgaço","Floresta Nacional de Caxiuanã","-1.77673","-51.4837","2","Floresta de terra firme"
"MN-0043166","Mergus octosetaceus","Vieillot, 1817","Anatidae","Mergus","Pato-mergulhão","12","10","2015","12","01","2016","12/10/2015","F. Oliveira","T. Almeida","Observação em campo","Brasil","BR","Minas Gerais","São Roque de Minas","Parque Nacional da Serra da Canastra","-20.26039","-46.55828","6","Campo rupestre / rio de planalto"
"MN-0043570","Sturnella superciliaris","(Bonaparte, 1850)","Icteridae","Sturnella","Polícia-inglesa-do-sul","12","10","2023","12","10","2023","12/10/2023","B. Carvalho","M. Andrade","Observação em campo","Brasil","BR","Rio Grande do Sul","Aceguá","Coxilhas de Aceguá","-31.64417","-54.18421","1","Campos do Pampa"
"MN-0043454","Sporophila albogularis","(Spix, 1825)","Thraupidae","Sporophila","Golinho","24","01","2023","24","01","2023","24/01/2023","A. Maciel","J. Pereira","Material preservado (herbário)","Brasil","BR","Bahia","Jeremoabo","Estação Ecológica Raso da Catarina","-9.60663","-38.50849","1","Caatinga arbórea"
"MN-0043086","Spinus yarrellii","(Audubon, 1839)","Fringillidae","Spinus","Pintassilgo-do-nordeste","19","06","2021","19","07","2021","19/06/2021","B. Carvalho","A. Maciel","Registro fotográfico","Brasil","BR","Bahia","Boa Nova","Parque Nacional de Boa Nova","-14.31762","-40.16613","1","Mata-de-cipó"
"MN-0042863","Pteronura brasiliensis","(Zimmermann, 1780)","Mustelidae","Pteronura","Ariranha","19","01","2016","19","01","2016","19/01/2016","D. Rocha","T. Almeida","Observação","Brasil","BR","Mato Grosso","Poconé","Porto Jofre (Transpantaneira)","-17.32612","-56.79027","3","Planície de inundação do Pantanal"
"MN-0043028","Jabiru mycteria","(Lichtenstein, 1819)","Ciconiidae","Jabiru","Tuiuiú","08","03","2024","08","04","2024","08/03/2024","P. Santos","R. Cunha","Observação","Brasil","BR","Mato Grosso","Poconé","Porto Jofre (Transpantaneira)","-17.33726","-56.74992","","Planície de inundação do Pantanal"
"MN-0043151","Sturnella superciliaris","(Bonaparte, 1850)","Icteridae","Sturnella","Polícia-inglesa-do-sul","25","04","2016","25","04","2016","25/04/2016","A. Maciel","F. Oliveira","Registro fotográfico","Brasil","BR","Rio Grande do Sul","Aceguá","Coxilhas de Aceguá","-31.66007","-54.1354","1","Campos do Pampa"
"MN-0043477","Procnias nudicollis","(Vieillot, 1817)","Cotingidae","Procnias","Araponga-do-nordeste","04","01","2024","04","01","2024","04/01/2024","R. Cunha","J. Pereira","Observação em campo","Brasil","BR","Pernambuco","Tamandaré","Reserva Biológica de Saltinho","-8.70665","-35.20274","4","Floresta Atlântica"
"MN-0043767","Tangara fastuosa","(Lesson, 1831)","Thraupidae","Tangara","Saíra-de-sete-cores","08","10","2022","08","01","2023","08/10/2022","C. Lima","D. Rocha","Observação","Brasil","BR","Pernambuco","Tamandaré","Reserva Biológica de Saltinho","-8.69465","-35.15372","2","Floresta Atlântica"
"MN-0043735","Rhea americana","(Linnaeus, 1758)","Rheidae","Rhea","Ema","14","05","2021","14","05","2021","14/05/2021","C. Lima","J. Pereira","Observação em campo","Brasil","BR","Minas Gerais","São Roque de Minas","Parque Nacional da Serra da Canastra","-20.30834","-46.48587","2","Campo rupestre / rio de planalto"
"DEMO-COORD-03","Penelope jacucaca","Spix, 1825","Cracidae","Penelope","Jacucaca","04","07","2018","04","08","2018","04/07/2018","G. Nunes","T. Almeida","Observação","Brasil","BR","Bahia","Jeremoabo","Coordenada nao registrada","0","0","1","Caatinga arbórea"
"MN-0043893","Psophia viridis","Spix, 1825","Psophiidae","Psophia","Jacamim-de-costas-verdes","20","02","2022","20","02","2022","20/02/2022","B. Carvalho","J. Pereira","Observação","Brasil","BR","Mato Grosso","Novo Mundo","RPPN Cristalino","-9.63655","-55.9641","1","Floresta amazônica (sul)"
"","Bertholletia excelsa","Bonpl.","Lecythidaceae","Bertholletia","Castanheira-do-pará","03","01","2018","03","02","2018","03/01/2018","R. Cunha","L. Souza","Coleta","Brasil","BR","Mato Grosso","Novo Mundo","RPPN Cristalino","-9.62368","-55.92053","1","Floresta amazônica (sul)"
"MN-0043004","Swietenia macrophylla","King","Meliaceae","Swietenia","Mogno","12","10","2015","12","12","2015","12/10/2015","G. Nunes","R. Cunha","Material preservado (herbário)","Brasil","BR","Pará","Melgaço","Floresta Nacional de Caxiuanã","-1.7625","-51.44077","6","Floresta de terra firme"
"MN-0043810","Mergus octosetaceus","Vieillot, 1817","Anatidae","Mergus","Pato-mergulhão","26","07","2018","26","09","2018","26/07/2018","M. Andrade","T. Almeida","Registro fotográfico","BRASIL","BR","Minas Gerais","São Roque de Minas","Parque Nacional da Serra da Canastra","-20.27571","-46.47725","1","Campo rupestre / rio de planalto"
"MN-0043407","Ateles paniscus","(Linnaeus, 1758)","Atelidae","Ateles","Macaco-aranha-de-cara-vermelha","02","10","2023","02","10","2023","02/10/2023","J. Pereira","F. Oliveira","Observação em campo","Brasil","BR","Pará","Melgaço","Floresta Nacional de Caxiuanã","-1.76585","-51.48488","3","Floresta de terra firme"
"MN-0043740","Crax blumenbachii","Spix, 1825","Cracidae","Crax","Mutum-do-sudeste","26","08","2024","26","08","2024","26/08/2024","R. Cunha","C. Lima","Observação","Brasil","BR","Espírito Santo","Linhares","Reserva Natural Vale","-19.17788","-40.07661","5","Floresta de tabuleiro"
"MN-0042911","Spinus yarrellii","(Audubon, 1839)","Fringillidae","Spinus","Pintassilgo-do-nordeste","13","10","2016","13","10","2016","13/10/2016","J. Pereira","R. Cunha","Registro fotográfico","Brasil","BR","Ceará","Quixadá","Serra do Estevão","-4.99794","-39.01356","1","Caatinga / serra úmida"
"MN-0043186","Sturnella superciliaris","(Bonaparte, 1850)","Icteridae","Sturnella","Polícia-inglesa-do-sul","08","02","2024","08","02","2024","08/02/2024","L. Souza","B. Carvalho","Observação","Brasil","BR","Rio Grande do Sul","Santa Maria","Morro da Caturrita","-29.6677","-53.76805","3","Campos do Pampa"
"MN-0043576","Pteronura brasiliensis","(Zimmermann, 1780)","Mustelidae","Pteronura","Ariranha","09","04","2019","09","04","2019","09/04/2019","G. Nunes","F. Oliveira","Observação","Brasil","BR","Mato Grosso","Poconé","Porto Jofre (Transpantaneira)","-17.39415","-56.78589","3","Planície de inundação do Pantanal"
"MN-0043037","Blastocerus dichotomus","(Illiger, 1815)","Cervidae","Blastocerus","Cervo-do-pantanal","22","09","2016","22","09","2016","22/09/2016","P. Santos","J. Pereira","Observação","Brasil","BR","Mato Grosso","Poconé","Porto Jofre (Transpantaneira)","-17.31048","-56.78441","5","Planície de inundação do Pantanal"
"MN-0043036","Jabiru mycteria","(Lichtenstein, 1819)","Ciconiidae","Jabiru","Tuiuiú","01","08","2020","01","08","2020","2020/08/01","A. Maciel","G. Nunes","Observação","Brasil","BR","Mato Grosso do Sul","Corumbá","Estrada Parque Pantanal","-18.98693","-57.63757","2","Planície de inundação do Pantanal"
"MN-0042871","Amazona pretrei","(Temminck, 1830)","Psittacidae","Amazona","Papagaio-charão","03","06","2021","03","06","2021","03/06/2021","B. Carvalho","C. Lima","Observação em campo","Brasil","BR","Rio Grande do Sul","Carazinho","Floresta Nacional de Carazinho","-28.2871","-52.79502","6","Floresta com Araucária"
"MN-0043594","Spinus yarrellii","(Audubon, 1839)","Fringillidae","Spinus","Pintassilgo-do-nordeste","23","02","2024","23","04","2024","23/02/2024 17:18","D. Rocha","R. Cunha","Observação","Brasil","BR","Bahia","Boa Nova","Parque Nacional de Boa Nova","-14.33551","-40.20158","1","Mata-de-cipó"
"MN-0042887","Panthera onca","(Linnaeus, 1758)","Felidae","Panthera","Onça-pintada","02","03","2023","02","01","2024","02/03/2023","M. Andrade","G. Nunes","Armadilha fotográfica","Brasil","BR","Mato Grosso do Sul","Miranda","RPPN Caiman","-19.92231","-56.28324","3","Planície de inundação do Pantanal"
"MN-0043343","Inia geoffrensis","(Blainville, 1817)","Iniidae","Inia","Boto-cor-de-rosa","05","07","2021","05","08","2021","05/07/2021","T. Almeida","P. Santos","Observação em campo","Brasil","BR","Amazonas","Tefé","RDS Mamirauá","-3.06485","-64.76532","1","Várzea amazônica"
"MN-0043068","Penelope jacucaca","Spix, 1825","Cracidae","Penelope","Jacucaca","04","09","2022","04","11","2022","04/09/2022","C. Lima","T. Almeida","Observação","Brasil","BR","Bahia","Jeremoabo","Estação Ecológica Raso da Catarina","-9.60402","-38.49632","","Caatinga arbórea"
"MN-0043225","Anodorhynchus hyacinthinus","(Latham, 1790)","Psittacidae","Anodorhynchus","Arara-azul-grande","08","07","2018","08","10","2018","08/07/2018","A. Maciel","R. Cunha","Observação","","BR","Mato Grosso do Sul","Miranda","RPPN Caiman","-19.94004","-56.32354","2","Planície de inundação do Pantanal"
"MN-0043719","Paroaria dominicana","(Linnaeus, 1758)","Thraupidae","Paroaria","Cardeal-do-nordeste","05","07","2020","05","07","2020","05/07/2020","B. Carvalho","J. Pereira","Observação em campo","Brasil","BR","Bahia","Jeremoabo","Estação Ecológica Raso da Catarina","-9.61463","-38.48668","4","Caatinga arbórea"
"MN-0043352","Anodorhynchus leari","Bonaparte, 1856","Psittacidae","Anodorhynchus","Arara-azul-de-lear","05","04","2019","05","04","2019","05/04/2019","T. Almeida","P. Santos","Observação","Brasil","BR","Bahia","Jeremoabo","Estação Ecológica Raso da Catarina","-9.64281","-38.53023","2","Caatinga arbórea"
"MN-0043646","Chrysocyon brachyurus","(Illiger, 1815)","Canidae","Chrysocyon","Lobo-guará","26","09","2016","26","08","2017","26/09/2016","G. Nunes","P. Santos","Observação em campo","Brasil","BR","Minas Gerais","São Roque de Minas","Parque Nacional da Serra da Canastra","-20.34371","-46.50743","2","Campo rupestre / rio de planalto"
"MN-0043896","Brachyteles arachnoides","(É. Geoffroy, 1806)","Atelidae","Brachyteles","Muriqui-do-sul","07","12","2024","07","01","2025","07/12/2024","F. Oliveira","P. Santos","Observação em campo","Brasil","BR","São Paulo","São Miguel Arcanjo","Parque Estadual Carlos Botelho","-24.05516","-48.01169","","Floresta Atlântica"
"MN-0042853","Prosopis affinis","Spreng.","Fabaceae","Prosopis","Inhanduvá","24","08","2021","24","08","2021","24/08/2021","T. Almeida","L. Souza","Material preservado (herbário)","Brasil","BR","Rio Grande do Sul","Barra do Quaraí","Parque Estadual do Espinilho","-30.18813","-57.50517","2","Savana-estépica (Pampa)"
"MN-0043021","Paubrasilia echinata","(Lam.) Gagnon, H.C.Lima & G.P.Lewis","Fabaceae","Paubrasilia","Pau-brasil","10","06","2021","10","09","2021","10/06/2021 16:25","A. Maciel","B. Carvalho","Material preservado (herbário)","Brasil","BR","Bahia","Una","Reserva Biológica de Una","-15.16182","-39.10879","4","Floresta Atlântica"
"MN-0043846","Phylloscartes ceciliae","Teixeira, 1987","Tyrannidae","Phylloscartes","Cara-pintada","21","07","2019","21","07","2019","21/07/2019","C. Lima","A. Maciel","Observação","Brasil","BR","Alagoas","Murici","Estação Ecológica de Murici","-9.25636","-35.8841","2","Floresta Atlântica"
"MN-0043327","Panthera onca","(Linnaeus, 1758)","Felidae","Panthera","Onça-pintada","05","07","2023","05","07","2024","05/07/2023","M. Andrade","D. Rocha","Registro fotográfico","Brasil","BR","Mato Grosso do Sul","Miranda","RPPN Caiman","-19.9705","-56.3122","5","Planície de inundação do Pantanal"
"MN-0043331","Procnias nudicollis","(Vieillot, 1817)","Cotingidae","Procnias","Araponga-do-nordeste","05","12","2020","05","02","2021","05/12/2020","T. Almeida","G. Nunes","Observação","Brasil","BR","Pernambuco","Tamandaré","Reserva Biológica de Saltinho","-8.77189","-35.13557","6","Floresta Atlântica"
"MN-0043712","Sturnella superciliaris","(Bonaparte, 1850)","Icteridae","Sturnella","Polícia-inglesa-do-sul","20","04","2019","20","04","2019","20/04/2019","L. Souza","R. Cunha","Registro fotográfico","Brasil","BR","Rio Grande do Sul","Aceguá","Coxilhas de Aceguá","-31.65253","-54.15879","3","Campos do Pampa"
"MN-0042855","Chrysocyon brachyurus","(Illiger, 1815)","Canidae","Chrysocyon","Lobo-guará","04","10","2015","04","07","2016","04/10/2015 20:51","L. Souza","B. Carvalho","Registro fotográfico","Brasil","BR","Goiás","Mineiros","Parque Nacional das Emas","-18.30792","-52.91825","1","Cerrado / campo limpo"
"MN-0043195","Sporophila albogularis","(Spix, 1825)","Thraupidae","Sporophila","Golinho","17","10","2022","17","11","2022","17/10/2022","D. Rocha","P. Santos","Material preservado (herbário)","Brasil","BR","Pernambuco","Buíque","Parque Nacional do Catimbau","-8.56172","-37.23909","1","Caatinga arbórea"
"MN-0043615","Brachyteles arachnoides","(É. Geoffroy, 1806)","Atelidae","Brachyteles","Muriqui-do-sul","11","03","2018","11","04","2018","11/03/2018","M. Andrade","F. Oliveira","Observação","Brasil","BR","Rio de Janeiro","Itatiaia","Parque Nacional do Itatiaia","-22.41527","-44.65384","1","Floresta Atlântica montana"
"","Sporophila albogularis","(Spix, 1825)","Thraupidae","Sporophila","Golinho","09","05","2015","09","05","2015","09/05/2015","A. Maciel","G. Nunes","Coleta","Brasil","BR","Pernambuco","Buíque","Parque Nacional do Catimbau","-8.51171","-37.21823","1","Caatinga arbórea"
"MN-0043834","Sporophila albogularis","(Spix, 1825)","Thraupidae","Sporophila","Golinho","13","07","2022","13","07","2022","13/07/2022","D. Rocha","C. Lima","Observação","Brasil","BR","Bahia","Jeremoabo","Estação Ecológica Raso da Catarina","-9.59078","-38.50211","6","Caatinga arbórea"
"MN-0043870","Sporophila albogularis","(Spix, 1825)","Thraupidae","Sporophila","Golinho","18","10","2017","18","10","2017","18/10/2017","R. Cunha","M. Andrade","Observação","Brasil","BR","Pernambuco","Buíque","Parque Nacional do Catimbau","-8.48958","-37.26491","3","Caatinga arbórea"
"MN-0043571","Ramphastos tucanus","Linnaeus, 1758","Ramphastidae","Ramphastos","Tucano-grande-de-papo-branco","18","03","2017","18","04","2017","18/03/2017","B. Carvalho","C. Lima","Observação","Brasil","BR","Amazonas","Manaus","Reserva Florestal Adolpho Ducke","-2.93058","-59.92618","1","Floresta de terra firme"
"MN-0043888","Cereus jamacaru","DC.","Cactaceae","Cereus","Mandacaru","02","04","2020","02","04","2020","02/04/2020","T. Almeida","F. Oliveira","Material preservado (herbário)","Brasil","BR","Bahia","Curaçá","Riacho Melância","-9.16589","-39.85948","2","Caatinga arbustiva"
"MN-0043772","Sturnella superciliaris","(Bonaparte, 1850)","Icteridae","Sturnella","Polícia-inglesa-do-sul","20","01","2020","20","04","2020","20/01/2020","P. Santos","T. Almeida","Observação em campo","Brasil","BR","Rio Grande do Sul","Aceguá","Coxilhas de Aceguá","-31.69271","-54.14098","4","Campos do Pampa"
"MN-0042865","Myrmecophaga tridactyla","Linnaeus, 1758","Myrmecophagidae","Myrmecophaga","Tamanduá-bandeira","12","09","2024","12","03","2025","12/09/2024","R. Cunha","G. Nunes","Armadilha fotográfica","Brasil","BR","Goiás","Mineiros","Parque Nacional das Emas","-18.31762","-52.92326","4","Cerrado / campo limpo"
"MN-0043182","Myrmecophaga tridactyla","Linnaeus, 1758","Myrmecophagidae","Myrmecophaga","Tamanduá-bandeira","01","12","2017","01","03","2019","01/12/2017","G. Nunes","T. Almeida","Observação","Brasil","BR","Goiás","Alto Paraíso de Goiás","Parque Nacional da Chapada dos Veadeiros","-14.13065","-47.50779","3","Cerrado sentido restrito"
"MN-0043524","Ramphastos tucanus","Linnaeus, 1758","Ramphastidae","Ramphastos","Tucano-grande-de-papo-branco","","04","2016","","06","2016","04/2016","A. Maciel","A. Maciel","Observação","Brasil","BR","Pará","Melgaço","Floresta Nacional de Caxiuanã","-1.71146","-51.42468","1","Floresta de terra firme"
"MN-0042841","Victoria amazonica","(Poepp.) J.C.Sowerby","Nymphaeaceae","Victoria","Vitória-régia","05","11","2020","05","12","2020","05/11/2020","A. Maciel","J. Pereira","Coleta","Brasil","BR","Amazonas","Tefé","RDS Mamirauá","-3.1047","-64.78957","1","Várzea amazônica"
"MN-0043622","Caiman yacare","(Daudin, 1802)","Alligatoridae","Caiman","Jacaré-do-pantanal","18","09","2016","18","12","2016","18/09/2016","L. Souza","T. Almeida","Observação em campo","Brasil","BR","Mato Grosso","Poconé","Porto Jofre (Transpantaneira)","-17.34804","-56.74808","1","Planície de inundação do Pantanal"
"MN-0042858","Sturnella superciliaris","(Bonaparte, 1850)","Icteridae","Sturnella","Polícia-inglesa-do-sul","13","06","2015","13","07","2015","13/06/2015","M. Andrade","M. Andrade","Observação","Brasil","BR","Rio Grande do Sul","Aceguá","Coxilhas de Aceguá","-31.69428","-54.13509","","Campos do Pampa"
"MN-0043776","Antilophia galeata","(Lichtenstein, 1823)","Pipridae","Antilophia","Soldadinho","08","07","2016","08","09","2016","08/07/2016","A. Maciel","J. Pereira","Coleta","Brasil","BR","Goiás","Alto Paraíso de Goiás","Parque Nacional da Chapada dos Veadeiros","-14.16981","-47.55295","2","Cerrado sentido restrito"
"MN-0043883","Inia geoffrensis","(Blainville, 1817)","Iniidae","Inia","Boto-cor-de-rosa","25","05","2022","25","05","2022","25/05/2022","B. Carvalho","B. Carvalho","Observação em campo","Brasil","BR","Amazonas","Tefé","RDS Mamirauá","-3.13674","-64.8436","4","Várzea amazônica"
"MN-0043378","Xanthopsar flavus","(Gmelin, 1788)","Icteridae","Xanthopsar","Veste-amarela","23","04","2022","23","05","2022","23/04/2022","J. Pereira","M. Andrade","Registro fotográfico","Brasil","BR","Rio Grande do Sul","Santa Maria","Morro da Caturrita","-29.66512","-53.76759","3","Campos do Pampa"
"MN-0042996","Xanthopsar flavus","(Gmelin, 1788)","Icteridae","Xanthopsar","Veste-amarela","07","01","2020","07","01","2020","07/01/2020","F. Oliveira","D. Rocha","Registro fotográfico","Brasil","BR","Rio Grande do Sul","Canguçu","Serra do Sudeste (zona rural)","-31.41928","-52.70705","1","Campos do Pampa"
"MN-0043763","Sturnella superciliaris","(Bonaparte, 1850)","Icteridae","Sturnella","Polícia-inglesa-do-sul","27","03","2017","27","04","2017","27/03/2017","T. Almeida","G. Nunes","Registro fotográfico","BRASIL","BR","Rio Grande do Sul","Aceguá","Coxilhas de Aceguá","-31.6203","-54.1965","3","Campos do Pampa"
"MN-0043318","Brachyteles arachnoides","(É. Geoffroy, 1806)","Atelidae","Brachyteles","Muriqui-do-sul","01","01","2016","01","01","2016","01/01/2016","T. Almeida","T. Almeida","Observação em campo","BRASIL","BR","Rio de Janeiro","Itatiaia","Parque Nacional do Itatiaia","-22.42076","-44.60997","2","Floresta Atlântica montana"
"MN-0043049","Bertholletia excelsa","Bonpl.","Lecythidaceae","Bertholletia","Castanheira-do-pará","06","12","2017","06","12","2017","06/12/2017","B. Carvalho","G. Nunes","Coleta","Brasil","BR","Mato Grosso","Novo Mundo","RPPN Cristalino","-9.62501","-55.90376","1","Floresta amazônica (sul)"
"MN-0043582","Psophia viridis","Spix, 1825","Psophiidae","Psophia","Jacamim-de-costas-verdes","13","12","2020","13","12","2020","13/12/2020","P. Santos","M. Andrade","Observação","Brasil","BR","Mato Grosso","Novo Mundo","RPPN Cristalino","-9.56458","-55.93527","3","Floresta amazônica (sul)"
"MN-0043837","Leontopithecus rosalia","(Linnaeus, 1766)","Callitrichidae","Leontopithecus","Mico-leão-dourado","24","02","2022","24","02","2022","24/02/2022","F. Oliveira","D. Rocha","Observação","Brasil","BR","Rio de Janeiro","Silva Jardim","Reserva Biológica de Poço das Antas","-22.52266","-42.22523","2","Floresta Atlântica"
"MN-0043303","Paubrasilia echinata","(Lam.) Gagnon, H.C.Lima & G.P.Lewis","Fabaceae","Paubrasilia","Pau-brasil","16","02","2024","16","03","2024","16/02/2024","A. Maciel","A. Maciel","Coleta","Brasil","BR","Bahia","Una","Reserva Biológica de Una","-15.15222","-39.10629","","Floresta Atlântica"
"MN-0043779","Antilophia galeata","(Lichtenstein, 1823)","Pipridae","Antilophia","Soldadinho","","06","2015","","06","2015","06/2015","P. Santos","D. Rocha","Espécime preservado","Brasil","BR","Distrito Federal","Brasília","Estação Ecológica de Águas Emendadas","-15.53638","-47.56792","1","Cerrado / vereda"
"MN-0042823","Caiman yacare","(Daudin, 1802)","Alligatoridae","Caiman","Jacaré-do-pantanal","04","01","2022","04","01","2022","04/01/2022","L. Souza","J. Pereira","Observação em campo","Brasil","BR","Mato Grosso","Poconé","Porto Jofre (Transpantaneira)","-17.35289","-56.76901","2","Planície de inundação do Pantanal"
"MN-0043372","Sporophila albogularis","(Spix, 1825)","Thraupidae","Sporophila","Golinho","20","04","2019","20","05","2019","20/04/2019","R. Cunha","C. Lima","Observação em campo","Brasil","BR","Pernambuco","Buíque","Parque Nacional do Catimbau","-8.50519","-37.27742","1","Caatinga arbórea"
"MN-0042837","Cereus jamacaru","DC.","Cactaceae","Cereus","Mandacaru","19","11","2023","19","01","2024","19/11/2023","P. Santos","J. Pereira","Espécime preservado","Brasil","BR","Bahia","Jeremoabo","Estação Ecológica Raso da Catarina","-9.65495","-38.51653","5","Caatinga arbórea"
"MN-0043355","Jabiru mycteria","(Lichtenstein, 1819)","Ciconiidae","Jabiru","Tuiuiú","08","10","2016","08","10","2016","08/10/2016","A. Maciel","F. Oliveira","Registro fotográfico","Brasil","BR","Mato Grosso do Sul","Corumbá","Estrada Parque Pantanal","-18.99842","-57.6721","1","Planície de inundação do Pantanal"
"MN-0043809","Tangara fastuosa","(Lesson, 1831)","Thraupidae","Tangara","Saíra-de-sete-cores","13","02","2018","13","03","2018","13/02/2018","J. Pereira","G. Nunes","Observação em campo","Brasil","BR","Alagoas","Quebrangulo","Estação Ecológica de Pedra Talhada","-9.21606","-36.46792","1","Brejo de altitude"
"MN-0043400","Psophia viridis","Spix, 1825","Psophiidae","Psophia","Jacamim-de-costas-verdes","11","01","2019","11","03","2019","11/01/2019","T. Almeida","C. Lima","Registro fotográfico","Brasil","BR","Mato Grosso","Novo Mundo","RPPN Cristalino","-9.61227","-55.90851","1","Floresta amazônica (sul)"
"MN-0043890","Tapirus terrestris","(Linnaeus, 1758)","Tapiridae","Tapirus","Anta","20","03","2016","20","08","2016","20/03/2016","D. Rocha","L. Souza","Armadilha fotográfica","Brasil","BR","Mato Grosso","Novo Mundo","RPPN Cristalino","-9.61848","-55.97267","3","Floresta amazônica (sul)"
"MN-0043650","Tangara cyanocephala","(Statius Müller, 1776)","Thraupidae","Tangara","Saíra-militar","05","09","2020","05","09","2020","05/09/2020","T. Almeida","F. Oliveira","Material preservado (herbário)","Brasil","BR","Pernambuco","Tamandaré","Reserva Biológica de Saltinho","-8.76191","-35.13889","","Floresta Atlântica"
"MN-0043420","Amazona pretrei","(Temminck, 1830)","Psittacidae","Amazona","Papagaio-charão","28","04","2022","28","04","2022","28/04/2022","D. Rocha","F. Oliveira","Registro fotográfico","Brasil","BR","Rio Grande do Sul","Carazinho","Floresta Nacional de Carazinho","-28.29385","-52.77479","3","Floresta com Araucária"
"MN-0043467","Spinus yarrellii","(Audubon, 1839)","Fringillidae","Spinus","Pintassilgo-do-nordeste","08","03","2017","08","05","2017","08/03/2017","F. Oliveira","P. Santos","Registro fotográfico","Brasil","BR","Bahia","Boa Nova","Parque Nacional de Boa Nova","-14.37322","-40.24984","3","Mata-de-cipó"
"MN-0043324","Rhea americana","(Linnaeus, 1758)","Rheidae","Rhea","Ema","03","05","2017","03","05","2017","03/05/2017","G. Nunes","D. Rocha","Registro fotográfico","","BR","Minas Gerais","São Roque de Minas","Parque Nacional da Serra da Canastra","-20.312","-46.50853","4","Campo rupestre / rio de planalto"
"MN-0043876","Tangara cyanocephala","(Statius Müller, 1776)","Thraupidae","Tangara","Saíra-militar","05","04","2021","05","07","2021","05/04/2021","B. Carvalho","P. Santos","Observação em campo","Brasil","BR","São Paulo","São Miguel Arcanjo","Parque Estadual Carlos Botelho","-24.0898","-47.97914","1","Floresta Atlântica"
"MN-0043250","Paubrasilia echinata","(Lam.) Gagnon, H.C.Lima & G.P.Lewis","Fabaceae","Paubrasilia","Pau-brasil","08","08","2020","08","10","2020","08/08/2020","F. Oliveira","T. Almeida","Material preservado (herbário)","BRASIL","BR","Bahia","Una","Reserva Biológica de Una","-15.14566","-39.04777","1","Floresta Atlântica"
"MN-0043696","Spinus yarrellii","(Audubon, 1839)","Fringillidae","Spinus","Pintassilgo-do-nordeste","26","01","2018","26","04","2018","26/01/2018 06:07","G. Nunes","L. Souza","Observação em campo","Brasil","BR","Bahia","Boa Nova","Parque Nacional de Boa Nova","-14.3606","-40.17895","2","Mata-de-cipó"
"MN-0043098","Tapirus terrestris","(Linnaeus, 1758)","Tapiridae","Tapirus","Anta","26","09","2019","26","11","2020","26/09/2019","R. Cunha","G. Nunes","Registro fotográfico","Brasil","BR","Goiás","Mineiros","Parque Nacional das Emas","-18.27803","-52.921","2","Cerrado / campo limpo"
"MN-0043852","Butia odorata","(Barb.Rodr.) Noblick","Arecaceae","Butia","Butiá","03","03","2018","03","03","2018","03/03/2018","R. Cunha","T. Almeida","Coleta","BRASIL","BR","Rio Grande do Sul","Canguçu","Serra do Sudeste (zona rural)","-31.36416","-52.6927","1","Campos do Pampa"
"MN-0043697","Rhea americana","(Linnaeus, 1758)","Rheidae","Rhea","Ema","","04","2021","","06","2021","04/2021","G. Nunes","F. Oliveira","Observação","Brasil","BR","Goiás","Mineiros","Parque Nacional das Emas","-18.26544","-52.95608","3","Cerrado / campo limpo"
"MN-0043673","Paroaria dominicana","(Linnaeus, 1758)","Thraupidae","Paroaria","Cardeal-do-nordeste","14","03","2021","14","04","2021","14/03/2021","F. Oliveira","R. Cunha","Registro fotográfico","Brasil","BR","Pernambuco","Buíque","Parque Nacional do Catimbau","-8.52138","-37.23405","2","Caatinga arbórea"
"MN-0043278","Sturnella superciliaris","(Bonaparte, 1850)","Icteridae","Sturnella","Polícia-inglesa-do-sul","14","10","2023","14","11","2023","14/10/2023","L. Souza","L. Souza","Observação","Brasil","BR","Rio Grande do Sul","Aceguá","Coxilhas de Aceguá","-31.64807","-54.17512","5","Campos do Pampa"
"MN-0043818","Leopardus geoffroyi","(d'Orbigny & Gervais, 1844)","Felidae","Leopardus","Gato-do-mato-grande","07","03","2022","07","11","2022","07/03/2022","M. Andrade","D. Rocha","Armadilha fotográfica","Brasil","BR","Rio Grande do Sul","Aceguá","Coxilhas de Aceguá","-31.68209","-54.13576","1","Campos do Pampa"
"MN-0042900","Butia odorata","(Barb.Rodr.) Noblick","Arecaceae","Butia","Butiá","22","01","2017","22","02","2017","22/01/2017 04:13","P. Santos","R. Cunha","Espécime preservado","Brasil","BR","Rio Grande do Sul","Canguçu","Serra do Sudeste (zona rural)","-31.40006","-52.7018","2","Campos do Pampa"
"MN-0043162","Paroaria dominicana","(Linnaeus, 1758)","Thraupidae","Paroaria","Cardeal-do-nordeste","27","04","2018","27","06","2018","27/04/2018","J. Pereira","G. Nunes","Espécime preservado","Brasil","BR","Pernambuco","Buíque","Parque Nacional do Catimbau","-8.47622","-37.27911","6","Caatinga arbórea"
"MN-0043798","Paubrasilia echinata","(Lam.) Gagnon, H.C.Lima & G.P.Lewis","Fabaceae","Paubrasilia","Pau-brasil","18","07","2022","18","08","2022","2022/07/18","C. Lima","L. Souza","Espécime preservado","Brasil","BR","Espírito Santo","Linhares","Reserva Natural Vale","-19.1414","-40.06898","2","Floresta de tabuleiro"
"DEMO-COORD-05","Antilophia galeata","(Lichtenstein, 1823)","Pipridae","Antilophia","Soldadinho","18","07","2020","18","07","2020","18/07/2020","A. Maciel","D. Rocha","Observação","Brasil","BR","Distrito Federal","Brasília","Centro de Brasília","-15.7797","-47.9297","2","Cerrado / vereda"
"MN-0042838","Swietenia macrophylla","King","Meliaceae","Swietenia","Mogno","14","01","2021","14","04","2021","14/01/2021","G. Nunes","B. Carvalho","Material preservado (herbário)","Brasil","BR","Pará","Melgaço","Floresta Nacional de Caxiuanã","-1.76725","-51.4599","1","Floresta de terra firme"
"MN-0043066","Euterpe edulis","Mart.","Arecaceae","Euterpe","Palmito-juçara","14","12","2019","14","03","2020","14/12/2019","D. Rocha","A. Maciel","Material preservado (herbário)","Brasil","BR","Rio de Janeiro","Itatiaia","Parque Nacional do Itatiaia","-22.44915","-44.6391","1","Floresta Atlântica montana"
"MN-0043119","Paubrasilia echinata","(Lam.) Gagnon, H.C.Lima & G.P.Lewis","Fabaceae","Paubrasilia","Pau-brasil","02","05","2023","02","08","2023","02/05/2023","C. Lima","A. Maciel","Material preservado (herbário)","Brasil","BR","Bahia","Una","Reserva Biológica de Una","-15.21396","-39.03355","2","Floresta Atlântica"
"MN-0043153","Euterpe edulis","Mart.","Arecaceae","Euterpe","Palmito-juçara","14","09","2016","14","12","2016","2016/09/14","A. Maciel","R. Cunha","Coleta","Brasil","BR","São Paulo","São Miguel Arcanjo","Parque Estadual Carlos Botelho","-24.07539","-47.95141","5","Floresta Atlântica"
"MN-0043350","Xanthopsar flavus","(Gmelin, 1788)","Icteridae","Xanthopsar","Veste-amarela","17","06","2016","17","09","2016","17/06/2016","G. Nunes","B. Carvalho","Observação em campo","Brasil","BR","Rio Grande do Sul","Canguçu","Serra do Sudeste (zona rural)","-31.415","-52.66617","1","Campos do Pampa"
"MN-0043785","Ramphastos tucanus","Linnaeus, 1758","Ramphastidae","Ramphastos","Tucano-grande-de-papo-branco","28","12","2022","28","12","2022","28/12/2022","T. Almeida","F. Oliveira","Registro fotográfico","Brasil","BR","Pará","Melgaço","Floresta Nacional de Caxiuanã","-1.73597","-51.47652","","Floresta de terra firme"
"MN-0043644","Chrysocyon brachyurus","(Illiger, 1815)","Canidae","Chrysocyon","Lobo-guará","23","04","2018","23","07","2018","23/04/2018","G. Nunes","L. Souza","Observação","Brasil","BR","Goiás","Mineiros","Parque Nacional das Emas","-18.26281","-52.91682","2","Cerrado / campo limpo"
"MN-0042890","Chrysocyon brachyurus","(Illiger, 1815)","Canidae","Chrysocyon","Lobo-guará","16","12","2020","16","06","2021","16/12/2020","F. Oliveira","C. Lima","Armadilha fotográfica","Brasil","BR","Goiás","Alto Paraíso de Goiás","Parque Nacional da Chapada dos Veadeiros","-14.12357","-47.51068","1","Cerrado sentido restrito"
"MN-0042883","Ramphastos tucanus","Linnaeus, 1758","Ramphastidae","Ramphastos","Tucano-grande-de-papo-branco","15","03","2022","15","03","2022","15/03/2022","G. Nunes","M. Andrade","Observação","Brasil","BR","Amazonas","Manaus","Reserva Florestal Adolpho Ducke","-2.97781","-59.92502","2","Floresta de terra firme"
"MN-0043666","Mergus octosetaceus","Vieillot, 1817","Anatidae","Mergus","Pato-mergulhão","14","11","2016","14","11","2016","14/11/2016","C. Lima","B. Carvalho","Registro fotográfico","Brasil","BR","Minas Gerais","São Roque de Minas","Parque Nacional da Serra da Canastra","-20.3338","-46.55908","2","Campo rupestre / rio de planalto"
"MN-0043758","Euterpe edulis","Mart.","Arecaceae","Euterpe","Palmito-juçara","10","08","2022","10","10","2022","10/08/2022","G. Nunes","B. Carvalho","Material preservado (herbário)","Brasil","BR","São Paulo","São Miguel Arcanjo","Parque Estadual Carlos Botelho","-24.06257","-47.98986","2","Floresta Atlântica"
"MN-0043129","Crax blumenbachii","Spix, 1825","Cracidae","Crax","Mutum-do-sudeste","01","07","2016","01","07","2016","01/07/2016 18:04","J. Pereira","F. Oliveira","Observação","Brasil","BR","Espírito Santo","Linhares","Reserva Natural Vale","-19.14357","-40.05942","2","Floresta de tabuleiro"
"MN-0043544","Butia odorata","(Barb.Rodr.) Noblick","Arecaceae","Butia","Butiá","17","05","2021","17","06","2021","17/05/2021","D. Rocha","T. Almeida","Coleta","Brasil","BR","Rio Grande do Sul","Aceguá","Coxilhas de Aceguá","-31.65938","-54.19067","2","Campos do Pampa"
"MN-0043678","Crax blumenbachii","Spix, 1825","Cracidae","Crax","Mutum-do-sudeste","14","05","2022","14","05","2022","14/05/2022","L. Souza","G. Nunes","Observação em campo","BRASIL","BR","Espírito Santo","Linhares","Reserva Natural Vale","-19.17447","-40.04232","3","Floresta de tabuleiro"
"MN-0043508","Caryocar brasiliense","Cambess.","Caryocaraceae","Caryocar","Pequi","14","12","2015","14","03","2016","14/12/2015","G. Nunes","C. Lima","Espécime preservado","Brasil","BR","Goiás","Alto Paraíso de Goiás","Parque Nacional da Chapada dos Veadeiros","-14.09651","-47.48246","2","Cerrado sentido restrito"
"MN-0042916","Pyrrhura griseipectus","Salvadori, 1900","Psittacidae","Pyrrhura","Tiriba-de-peito-cinza","15","10","2016","15","10","2016","15/10/2016","C. Lima","A. Maciel","Observação em campo","Brasil","BR","Ceará","Quixadá","Serra do Estevão","-4.95669","-39.03866","4","Caatinga / serra úmida"
"MN-0042974","Ramphastos tucanus","Linnaeus, 1758","Ramphastidae","Ramphastos","Tucano-grande-de-papo-branco","01","06","2019","01","07","2019","01/06/2019","C. Lima","G. Nunes","Observação em campo","Brasil","BR","Pará","Melgaço","Floresta Nacional de Caxiuanã","-1.78068","-51.45323","4","Floresta de terra firme"
"MN-0043468","Ramphastos tucanus","Linnaeus, 1758","Ramphastidae","Ramphastos","Tucano-grande-de-papo-branco","22","02","2018","22","04","2018","22/02/2018","P. Santos","R. Cunha","Observação em campo","Brasil","BR","Pará","Melgaço","Floresta Nacional de Caxiuanã","-1.72052","-51.48366","","Floresta de terra firme"
"MN-0043076","Cereus jamacaru","DC.","Cactaceae","Cereus","Mandacaru","16","07","2024","16","09","2024","16/07/2024","F. Oliveira","T. Almeida","Material preservado (herbário)","Brasil","BR","Bahia","Jeremoabo","Estação Ecológica Raso da Catarina","-9.58125","-38.52797","1","Caatinga arbórea"
"MN-0042929","Leopardus geoffroyi","(d'Orbigny & Gervais, 1844)","Felidae","Leopardus","Gato-do-mato-grande","07","11","2023","07","09","2024","07/11/2023","R. Cunha","F. Oliveira","Observação em campo","Brasil","BR","Rio Grande do Sul","Barra do Quaraí","Parque Estadual do Espinilho","-30.15677","-57.55596","","Savana-estépica (Pampa)"
"MN-0043462","Caiman yacare","(Daudin, 1802)","Alligatoridae","Caiman","Jacaré-do-pantanal","03","10","2024","03","11","2024","03/10/2024","L. Souza","T. Almeida","Registro fotográfico","Brasil","BR","Mato Grosso","Poconé","Porto Jofre (Transpantaneira)","-17.38185","-56.73414","3","Planície de inundação do Pantanal"
"MN-0043614","Sturnella superciliaris","(Bonaparte, 1850)","Icteridae","Sturnella","Polícia-inglesa-do-sul","14","01","2022","14","03","2022","14/01/2022","G. Nunes","L. Souza","Observação","Brasil","BR","Rio Grande do Sul","Aceguá","Coxilhas de Aceguá","-31.65769","-54.18598","","Campos do Pampa"
"MN-0043187","Leontopithecus rosalia","(Linnaeus, 1766)","Callitrichidae","Leontopithecus","Mico-leão-dourado","26","10","2015","26","10","2015","26/10/2015","P. Santos","M. Andrade","Observação em campo","Brasil","BR","Rio de Janeiro","Silva Jardim","Reserva Biológica de Poço das Antas","-22.58192","-42.25901","3","Floresta Atlântica"
"MN-0043014","Jabiru mycteria","(Lichtenstein, 1819)","Ciconiidae","Jabiru","Tuiuiú","17","07","2018","17","09","2018","17/07/2018","M. Andrade","B. Carvalho","Observação","Brasil","BR","Mato Grosso do Sul","Corumbá","Estrada Parque Pantanal","-19.02406","-57.65825","1","Planície de inundação do Pantanal"
"MN-0043188","Tangara fastuosa","(Lesson, 1831)","Thraupidae","Tangara","Saíra-de-sete-cores","02","07","2016","02","09","2016","02/07/2016","B. Carvalho","M. Andrade","Material preservado (herbário)","Brasil","BR","Pernambuco","Tamandaré","Reserva Biológica de Saltinho","-8.75317","-35.12929","1","Floresta Atlântica"
"MN-0043423","Euterpe edulis","Mart.","Arecaceae","Euterpe","Palmito-juçara","06","04","2018","06","06","2018","06/04/2018","A. Maciel","F. Oliveira","Coleta","Brasil","BR","Rio de Janeiro","Itatiaia","Parque Nacional do Itatiaia","-22.4166","-44.62707","1","Floresta Atlântica montana"
"MN-0043848","Crax blumenbachii","Spix, 1825","Cracidae","Crax","Mutum-do-sudeste","19","08","2019","19","08","2019","19/08/2019","J. Pereira","L. Souza","Registro fotográfico","Brasil","BR","Espírito Santo","Linhares","Reserva Natural Vale","-19.11854","-40.0852","","Floresta de tabuleiro"
"MN-0043794","Leontopithecus rosalia","(Linnaeus, 1766)","Callitrichidae","Leontopithecus","Mico-leão-dourado","16","12","2023","16","12","2023","16/12/2023","J. Pereira","A. Maciel","Observação em campo","Brasil","BR","Rio de Janeiro","Silva Jardim","Reserva Biológica de Poço das Antas","-22.58811","-42.24343","1","Floresta Atlântica"
"MN-0043676","Paubrasilia echinata","(Lam.) Gagnon, H.C.Lima & G.P.Lewis","Fabaceae","Paubrasilia","Pau-brasil","08","10","2023","08","11","2023","08/10/2023","C. Lima","L. Souza","Material preservado (herbário)","Brasil","BR","Espírito Santo","Linhares","Reserva Natural Vale","-19.17129","-40.08926","3","Floresta de tabuleiro"
"MN-0043394","Tangara cyanocephala","(Statius Müller, 1776)","Thraupidae","Tangara","Saíra-militar","","11","2024","","01","2025","11/2024","F. Oliveira","G. Nunes","Espécime preservado","Brasil","BR","Alagoas","Quebrangulo","Estação Ecológica de Pedra Talhada","-9.21714","-36.4503","3","Brejo de altitude"
"MN-0043425","Bertholletia excelsa","Bonpl.","Lecythidaceae","Bertholletia","Castanheira-do-pará","08","05","2016","08","06","2016","08/05/2016","P. Santos","R. Cunha","Espécime preservado","Brasil","BR","Mato Grosso","Novo Mundo","RPPN Cristalino","-9.61192","-55.93362","1","Floresta amazônica (sul)"
"MN-0043535","Leontopithecus rosalia","(Linnaeus, 1766)","Callitrichidae","Leontopithecus","Mico-leão-dourado","","04","2018","","06","2018","04/2018","L. Souza","M. Andrade","Registro fotográfico","Brasil","BR","Rio de Janeiro","Silva Jardim","Reserva Biológica de Poço das Antas","-22.56159","-42.28898","3","Floresta Atlântica"
"MN-0043058","Tangara fastuosa","(Lesson, 1831)","Thraupidae","Tangara","Saíra-de-sete-cores","04","02","2018","04","02","2018","04/02/2018","L. Souza","A. Maciel","Espécime preservado","BRASIL","BR","Pernambuco","Tamandaré","Reserva Biológica de Saltinho","-8.73839","-35.14464","3","Floresta Atlântica"
"MN-0043449","Panthera onca","(Linnaeus, 1758)","Felidae","Panthera","Onça-pintada","19","04","2021","19","10","2021","19/04/2021","C. Lima","P. Santos","Observação em campo","Brasil","BR","Mato Grosso","Poconé","Porto Jofre (Transpantaneira)","-17.37058","-56.75109","4","Planície de inundação do Pantanal"
"MN-0043860","Butia odorata","(Barb.Rodr.) Noblick","Arecaceae","Butia","Butiá","12","08","2018","12","08","2018","12/08/2018","J. Pereira","R. Cunha","Material preservado (herbário)","Brasil","BR","Rio Grande do Sul","Aceguá","Coxilhas de Aceguá","-31.64897","-54.16249","1","Campos do Pampa"
"MN-0042882","Leopardus geoffroyi","(d'Orbigny & Gervais, 1844)","Felidae","Leopardus","Gato-do-mato-grande","09","09","2017","09","08","2018","09/09/2017","P. Santos","C. Lima","Armadilha fotográfica","Brasil","BR","Rio Grande do Sul","Barra do Quaraí","Parque Estadual do Espinilho","-30.21745","-57.52511","3","Savana-estépica (Pampa)"
"MN-0043099","Paroaria dominicana","(Linnaeus, 1758)","Thraupidae","Paroaria","Cardeal-do-nordeste","05","12","2020","05","02","2021","05/12/2020","D. Rocha","G. Nunes","Registro fotográfico","Brasil","BR","Bahia","Jeremoabo","Estação Ecológica Raso da Catarina","-9.60889","-38.54428","4","Caatinga arbórea"
"MN-0043281","Tangara fastuosa","(Lesson, 1831)","Thraupidae","Tangara","Saíra-de-sete-cores","06","10","2017","06","01","2018","06/10/2017","F. Oliveira","J. Pereira","Material preservado (herbário)","Brasil","BR","Pernambuco","Tamandaré","Reserva Biológica de Saltinho","-8.68728","-35.15541","1","Floresta Atlântica"
"","Anodorhynchus hyacinthinus","(Latham, 1790)","Psittacidae","Anodorhynchus","Arara-azul-grande","07","11","2023","07","11","2023","07/11/2023","R. Cunha","G. Nunes","Registro fotográfico","Brasil","BR","Mato Grosso do Sul","Miranda","RPPN Caiman","-19.90978","-56.34149","1","Planície de inundação do Pantanal"
"MN-0043293","Tapirus terrestris","(Linnaeus, 1758)","Tapiridae","Tapirus","Anta","26","08","2018","26","10","2019","26/08/2018","R. Cunha","M. Andrade","Armadilha fotográfica","Brasil","BR","Minas Gerais","São Roque de Minas","Parque Nacional da Serra da Canastra","-20.26877","-46.52874","2","Campo rupestre / rio de planalto"
"MN-0042822","Myrmecophaga tridactyla","Linnaeus, 1758","Myrmecophagidae","Myrmecophaga","Tamanduá-bandeira","16","04","2020","16","10","2020","16/04/2020","L. Souza","M. Andrade","Registro fotográfico","Brasil","BR","Goiás","Mineiros","Parque Nacional das Emas","-18.30917","-52.94322","3","Cerrado / campo limpo"
"MN-0043836","Xanthopsar flavus","(Gmelin, 1788)","Icteridae","Xanthopsar","Veste-amarela","23","09","2023","23","09","2023","23/09/2023","B. Carvalho","R. Cunha","Registro fotográfico","Brasil","BR","Rio Grande do Sul","Santa Maria","Morro da Caturrita","-29.68354","-53.80926","2","Campos do Pampa"
"MN-0043671","Paubrasilia echinata","(Lam.) Gagnon, H.C.Lima & G.P.Lewis","Fabaceae","Paubrasilia","Pau-brasil","28","03","2018","28","06","2018","28/03/2018","F. Oliveira","P. Santos","Material preservado (herbário)","Brasil","BR","Espírito Santo","Linhares","Reserva Natural Vale","-19.12402","-40.03234","4","Floresta de tabuleiro"
"MN-0043244","Tapirus terrestris","(Linnaeus, 1758)","Tapiridae","Tapirus","Anta","16","03","2021","16","06","2021","16/03/2021","L. Souza","D. Rocha","Armadilha fotográfica","Brasil","BR","Mato Grosso","Novo Mundo","RPPN Cristalino","-9.63034","-55.91503","3","Floresta amazônica (sul)"
"MN-0043156","Mergus octosetaceus","Vieillot, 1817","Anatidae","Mergus","Pato-mergulhão","17","01","2023","17","02","2023","17/01/2023","A. Maciel","D. Rocha","Observação","Brasil","BR","Minas Gerais","São Roque de Minas","Parque Nacional da Serra da Canastra","-20.31719","-46.55345","1","Campo rupestre / rio de planalto"
"MN-0043795","Butia odorata","(Barb.Rodr.) Noblick","Arecaceae","Butia","Butiá","12","04","2020","12","04","2020","12/04/2020","G. Nunes","R. Cunha","Coleta","Brasil","BR","Rio Grande do Sul","Aceguá","Coxilhas de Aceguá","-31.68497","-54.1563","4","Campos do Pampa"
"MN-0042906","Tangara fastuosa","(Lesson, 1831)","Thraupidae","Tangara","Saíra-de-sete-cores","23","05","2021","23","06","2021","23/05/2021","M. Andrade","L. Souza","Registro fotográfico","Brasil","BR","Alagoas","Quebrangulo","Estação Ecológica de Pedra Talhada","-9.23164","-36.40995","3","Brejo de altitude"
"MN-0043251","Tangara fastuosa","(Lesson, 1831)","Thraupidae","Tangara","Saíra-de-sete-cores","27","07","2016","27","08","2016","27/07/2016","R. Cunha","F. Oliveira","Registro fotográfico","Brasil","BR","Pernambuco","Tamandaré","Reserva Biológica de Saltinho","-8.73244","-35.21275","2","Floresta Atlântica"
"MN-0043487","Leontopithecus rosalia","(Linnaeus, 1766)","Callitrichidae","Leontopithecus","Mico-leão-dourado","","04","2017","","06","2017","04/2017","J. Pereira","L. Souza","Observação em campo","Brasil","BR","Rio de Janeiro","Silva Jardim","Reserva Biológica de Poço das Antas","-22.55274","-42.29926","3","Floresta Atlântica"
"MN-0043657","Tangara cyanocephala","(Statius Müller, 1776)","Thraupidae","Tangara","Saíra-militar","08","07","2022","08","07","2022","08/07/2022","T. Almeida","M. Andrade","Registro fotográfico","Brasil","BR","Pernambuco","Tamandaré","Reserva Biológica de Saltinho","-8.75536","-35.17808","1","Floresta Atlântica"
"","Ateles paniscus","(Linnaeus, 1758)","Atelidae","Ateles","Macaco-aranha-de-cara-vermelha","21","02","2019","21","03","2019","21/02/2019","F. Oliveira","A. Maciel","Registro fotográfico","Brasil","BR","Pará","Melgaço","Floresta Nacional de Caxiuanã","-1.77144","-51.42812","2","Floresta de terra firme"
"MN-0043590","Sturnella superciliaris","(Bonaparte, 1850)","Icteridae","Sturnella","Polícia-inglesa-do-sul","01","09","2015","01","09","2015","01/09/2015","B. Carvalho","R. Cunha","Observação em campo","Brasil","BR","Rio Grande do Sul","Aceguá","Coxilhas de Aceguá","-31.60505","-54.15331","1","Campos do Pampa"
"MN-0042972","Psophia viridis","Spix, 1825","Psophiidae","Psophia","Jacamim-de-costas-verdes","17","09","2024","17","09","2024","2024/09/17","L. Souza","P. Santos","Registro fotográfico","Brasil","BR","Mato Grosso","Novo Mundo","RPPN Cristalino","-9.5846","-55.89227","1","Floresta amazônica (sul)"
"MN-0043662","Jabiru mycteria","(Lichtenstein, 1819)","Ciconiidae","Jabiru","Tuiuiú","17","10","2023","17","12","2023","17/10/2023","P. Santos","G. Nunes","Observação em campo","Brasil","BR","Mato Grosso","Poconé","Porto Jofre (Transpantaneira)","-17.36555","-56.80636","1","Planície de inundação do Pantanal"
"MN-0043868","Prosopis affinis","Spreng.","Fabaceae","Prosopis","Inhanduvá","14","11","2021","14","12","2021","14/11/2021","C. Lima","G. Nunes","Espécime preservado","Brasil","BR","Rio Grande do Sul","Barra do Quaraí","Parque Estadual do Espinilho","-30.20018","-57.59114","3","Savana-estépica (Pampa)"
"MN-0043247","Caiman yacare","(Daudin, 1802)","Alligatoridae","Caiman","Jacaré-do-pantanal","27","01","2021","27","03","2021","27/01/2021","B. Carvalho","F. Oliveira","Registro fotográfico","Brasil","BR","Mato Grosso do Sul","Corumbá","Estrada Parque Pantanal","-19.00402","-57.68283","2","Planície de inundação do Pantanal"
"MN-0043377","Amazona pretrei","(Temminck, 1830)","Psittacidae","Amazona","Papagaio-charão","21","03","2021","21","06","2021","21/03/2021","L. Souza","A. Maciel","Observação","BRASIL","BR","Rio Grande do Sul","Carazinho","Floresta Nacional de Carazinho","-28.25115","-52.76973","","Floresta com Araucária"
"MN-0043661","Cereus jamacaru","DC.","Cactaceae","Cereus","Mandacaru","07","06","2023","07","09","2023","07/06/2023","A. Maciel","A. Maciel","Coleta","Brasil","BR","Bahia","Jeremoabo","Estação Ecológica Raso da Catarina","-9.58959","-38.52282","2","Caatinga arbórea"
"","Brachyteles arachnoides","(É. Geoffroy, 1806)","Atelidae","Brachyteles","Muriqui-do-sul","16","11","2015","16","11","2015","16/11/2015","M. Andrade","M. Andrade","Registro fotográfico","Brasil","BR","São Paulo","São Miguel Arcanjo","Parque Estadual Carlos Botelho","-24.02761","-48.01431","2","Floresta Atlântica"
"DEMO-COORD-11","Sporophila albogularis","(Spix, 1825)","Thraupidae","Sporophila","Golinho","12","04","2016","12","05","2016","12/04/2016","A. Maciel","R. Cunha","Observação","Brasil","BR","Pernambuco","Buíque","Sem coordenada","","","3","Caatinga arbórea"
"MN-0043150","Bertholletia excelsa","Bonpl.","Lecythidaceae","Bertholletia","Castanheira-do-pará","15","06","2023","15","07","2023","15/06/2023","G. Nunes","B. Carvalho","Espécime preservado","Brasil","BR","Pará","Melgaço","Floresta Nacional de Caxiuanã","-1.73148","-51.47983","1","Floresta de terra firme"
"","Pyrrhura griseipectus","Salvadori, 1900","Psittacidae","Pyrrhura","Tiriba-de-peito-cinza","01","06","2024","01","07","2024","01/06/2024","D. Rocha","P. Santos","Observação","Brasil","BR","Ceará","Quixadá","Serra do Estevão","-4.98832","-39.05795","4","Caatinga / serra úmida"
"MN-0043824","Cereus jamacaru","DC.","Cactaceae","Cereus","Mandacaru","22","01","2022","22","04","2022","22/01/2022","T. Almeida","T. Almeida","Material preservado (herbário)","Brasil","BR","Bahia","Jeremoabo","Estação Ecológica Raso da Catarina","-9.57804","-38.49644","3","Caatinga arbórea"
"MN-0043471","Inia geoffrensis","(Blainville, 1817)","Iniidae","Inia","Boto-cor-de-rosa","07","08","2020","07","11","2020","07/08/2020","F. Oliveira","M. Andrade","Observação em campo","Brasil","BR","Amazonas","Tefé","RDS Mamirauá","-3.09328","-64.81983","6","Várzea amazônica"
"MN-0043142","Cereus jamacaru","DC.","Cactaceae","Cereus","Mandacaru","02","09","2018","02","10","2018","02/09/2018","B. Carvalho","M. Andrade","Material preservado (herbário)","Brasil","BR","Bahia","Curaçá","Riacho Melância","-9.17173","-39.83721","1","Caatinga arbustiva"
"MN-0043325","Brachyteles arachnoides","(É. Geoffroy, 1806)","Atelidae","Brachyteles","Muriqui-do-sul","28","09","2015","28","09","2015","28/09/2015","L. Souza","P. Santos","Observação","Brasil","BR","São Paulo","São Miguel Arcanjo","Parque Estadual Carlos Botelho","-24.07505","-47.94061","3","Floresta Atlântica"
"MN-0043597","Pteronura brasiliensis","(Zimmermann, 1780)","Mustelidae","Pteronura","Ariranha","12","04","2021","12","04","2021","12/04/2021","P. Santos","T. Almeida","Observação","Brasil","BR","Mato Grosso","Poconé","Porto Jofre (Transpantaneira)","-17.38102","-56.73878","1","Planície de inundação do Pantanal"
"MN-0042942","Ateles paniscus","(Linnaeus, 1758)","Atelidae","Ateles","Macaco-aranha-de-cara-vermelha","19","07","2023","19","09","2023","19/07/2023","F. Oliveira","F. Oliveira","Observação em campo","Brasil","BR","Pará","Melgaço","Floresta Nacional de Caxiuanã","-1.75503","-51.50129","3","Floresta de terra firme"
"MN-0043519","Caiman yacare","(Daudin, 1802)","Alligatoridae","Caiman","Jacaré-do-pantanal","17","06","2024","17","08","2024","17/06/2024","T. Almeida","A. Maciel","Observação","Brasil","BR","Mato Grosso do Sul","Miranda","RPPN Caiman","-19.94636","-56.28359","2","Planície de inundação do Pantanal"
"","Swietenia macrophylla","King","Meliaceae","Swietenia","Mogno","22","03","2016","22","06","2016","22/03/2016","R. Cunha","J. Pereira","Material preservado (herbário)","","BR","Pará","Melgaço","Floresta Nacional de Caxiuanã","-1.70465","-51.4629","2","Floresta de terra firme"
"MN-0043428","Euterpe edulis","Mart.","Arecaceae","Euterpe","Palmito-juçara","27","11","2022","27","11","2022","27/11/2022","C. Lima","T. Almeida","Material preservado (herbário)","Brasil","BR","São Paulo","São Miguel Arcanjo","Parque Estadual Carlos Botelho","-24.10218","-47.9699","1","Floresta Atlântica"
"MN-0042935","Butia odorata","(Barb.Rodr.) Noblick","Arecaceae","Butia","Butiá","12","03","2024","12","03","2024","12/03/2024","L. Souza","F. Oliveira","Espécime preservado","Brasil","BR","Rio Grande do Sul","Canguçu","Serra do Sudeste (zona rural)","-31.41048","-52.65994","4","Campos do Pampa"
"MN-0043208","Glaucis dohrnii","(Bourcier & Mulsant, 1852)","Trochilidae","Glaucis","Rabo-branco-de-margarette","18","12","2016","18","12","2016","18/12/2016 05:41","M. Andrade","A. Maciel","Observação","Brasil","BR","Bahia","Una","Reserva Biológica de Una","-15.19921","-39.09871","3","Floresta Atlântica"
"MN-0043056","Cereus jamacaru","DC.","Cactaceae","Cereus","Mandacaru","07","10","2015","07","11","2015","07/10/2015","T. Almeida","G. Nunes","Coleta","Brasil","BR","Bahia","Curaçá","Riacho Melância","-9.16358","-39.87975","4","Caatinga arbustiva"
"MN-0043738","Xanthopsar flavus","(Gmelin, 1788)","Icteridae","Xanthopsar","Veste-amarela","13","03","2020","13","04","2020","13/03/2020","P. Santos","P. Santos","Observação em campo","Brasil","BR","Rio Grande do Sul","Santa Maria","Morro da Caturrita","-29.64652","-53.8035","5","Campos do Pampa"
"MN-0042864","Blastocerus dichotomus","(Illiger, 1815)","Cervidae","Blastocerus","Cervo-do-pantanal","05","08","2019","05","09","2019","05/08/2019","A. Maciel","J. Pereira","Registro fotográfico","Brasil","BR","Mato Grosso","Poconé","Porto Jofre (Transpantaneira)","-17.38637","-56.73557","3","Planície de inundação do Pantanal"
"MN-0042903","Cereus jamacaru","DC.","Cactaceae","Cereus","Mandacaru","20","10","2024","20","10","2024","20/10/2024","G. Nunes","A. Maciel","Espécime preservado","Brasil","BR","Bahia","Curaçá","Riacho Melância","-9.20402","-39.81916","1","Caatinga arbustiva"
"MN-0043873","Prosopis affinis","Spreng.","Fabaceae","Prosopis","Inhanduvá","12","01","2017","12","02","2017","12/01/2017","A. Maciel","G. Nunes","Espécime preservado","","BR","Rio Grande do Sul","Barra do Quaraí","Parque Estadual do Espinilho","-30.19988","-57.55063","2","Savana-estépica (Pampa)"
"MN-0042993","Brachyteles arachnoides","(É. Geoffroy, 1806)","Atelidae","Brachyteles","Muriqui-do-sul","02","01","2022","02","04","2022","02/01/2022","A. Maciel","L. Souza","Registro fotográfico","Brasil","BR","Rio de Janeiro","Itatiaia","Parque Nacional do Itatiaia","-22.4301","-44.6536","2","Floresta Atlântica montana"
"","Victoria amazonica","(Poepp.) J.C.Sowerby","Nymphaeaceae","Victoria","Vitória-régia","13","01","2023","13","02","2023","13/01/2023","G. Nunes","F. Oliveira","Espécime preservado","Brasil","BR","Amazonas","Tefé","RDS Mamirauá","-3.0874","-64.83774","2","Várzea amazônica"
"MN-0043118","Euterpe edulis","Mart.","Arecaceae","Euterpe","Palmito-juçara","23","02","2024","23","02","2024","23/02/2024","B. Carvalho","B. Carvalho","Material preservado (herbário)","Brasil","BR","Rio de Janeiro","Itatiaia","Parque Nacional do Itatiaia","-22.41847","-44.62049","1","Floresta Atlântica montana"
"MN-0042829","Ateles paniscus","(Linnaeus, 1758)","Atelidae","Ateles","Macaco-aranha-de-cara-vermelha","22","01","2022","22","04","2022","22/01/2022","P. Santos","A. Maciel","Registro fotográfico","Brasil","BR","Pará","Melgaço","Floresta Nacional de Caxiuanã","-1.70925","-51.46878","3","Floresta de terra firme"
"MN-0043193","Pteronura brasiliensis","(Zimmermann, 1780)","Mustelidae","Pteronura","Ariranha","26","09","2019","26","10","2019","26/09/2019","D. Rocha","B. Carvalho","Registro fotográfico","Brasil","BR","Mato Grosso","Novo Mundo","RPPN Cristalino","-9.56256","-55.92274","2","Floresta amazônica (sul)"
"MN-0043628","Bertholletia excelsa","Bonpl.","Lecythidaceae","Bertholletia","Castanheira-do-pará","12","10","2021","12","12","2021","12/10/2021","G. Nunes","G. Nunes","Coleta","BRASIL","BR","Mato Grosso","Novo Mundo","RPPN Cristalino","-9.62375","-55.96648","3","Floresta amazônica (sul)"
"MN-0043655","Psophia viridis","Spix, 1825","Psophiidae","Psophia","Jacamim-de-costas-verdes","24","01","2023","24","01","2023","24/01/2023","C. Lima","T. Almeida","Observação em campo","Brasil","BR","Mato Grosso","Novo Mundo","RPPN Cristalino","-9.61792","-55.89984","","Floresta amazônica (sul)"
"MN-0043616","Prosopis affinis","Spreng.","Fabaceae","Prosopis","Inhanduvá","09","04","2018","09","06","2018","09/04/2018","T. Almeida","J. Pereira","Espécime preservado","Brasil","BR","Rio Grande do Sul","Barra do Quaraí","Parque Estadual do Espinilho","-30.13523","-57.5429","2","Savana-estépica (Pampa)"
"MN-0043092","Mycteria americana","Linnaeus, 1758","Ciconiidae","Mycteria","Cabeça-seca","16","09","2023","16","11","2023","16/09/2023","A. Maciel","D. Rocha","Registro fotográfico","Brasil","BR","Mato Grosso do Sul","Corumbá","Estrada Parque Pantanal","-18.99033","-57.65716","2","Planície de inundação do Pantanal"
"MN-0043257","Euterpe edulis","Mart.","Arecaceae","Euterpe","Palmito-juçara","21","07","2015","21","07","2015","21/07/2015","G. Nunes","J. Pereira","Material preservado (herbário)","Brasil","BR","São Paulo","São Miguel Arcanjo","Parque Estadual Carlos Botelho","-24.04566","-47.94439","3","Floresta Atlântica"
"MN-0042899","Bertholletia excelsa","Bonpl.","Lecythidaceae","Bertholletia","Castanheira-do-pará","12","06","2020","12","07","2020","12/06/2020","L. Souza","F. Oliveira","Material preservado (herbário)","Brasil","BR","Pará","Melgaço","Floresta Nacional de Caxiuanã","-1.76456","-51.45079","4","Floresta de terra firme"
"MN-0042891","Euterpe edulis","Mart.","Arecaceae","Euterpe","Palmito-juçara","","09","2023","","10","2023","09/2023","T. Almeida","D. Rocha","Material preservado (herbário)","Brasil","BR","Rio de Janeiro","Itatiaia","Parque Nacional do Itatiaia","-22.47334","-44.63844","1","Floresta Atlântica montana"
"MN-0043417","Tapirus terrestris","(Linnaeus, 1758)","Tapiridae","Tapirus","Anta","04","11","2017","04","08","2018","04/11/2017","M. Andrade","C. Lima","Armadilha fotográfica","Brasil","BR","Mato Grosso","Novo Mundo","RPPN Cristalino","-9.58102","-55.91148","","Floresta amazônica (sul)"
"MN-0043258","Antilophia galeata","(Lichtenstein, 1823)","Pipridae","Antilophia","Soldadinho","01","08","2022","01","11","2022","01/08/2022","D. Rocha","J. Pereira","Material preservado (herbário)","Brasil","BR","Goiás","Alto Paraíso de Goiás","Parque Nacional da Chapada dos Veadeiros","-14.11612","-47.49415","5","Cerrado sentido restrito"
"","Pteronura brasiliensis","(Zimmermann, 1780)","Mustelidae","Pteronura","Ariranha","02","11","2024","02","01","2025","02/11/2024","G. Nunes","M. Andrade","Observação","Brasil","BR","Mato Grosso","Poconé","Porto Jofre (Transpantaneira)","-17.35147","-56.79968","1","Planície de inundação do Pantanal"
"MN-0043219","Caiman yacare","(Daudin, 1802)","Alligatoridae","Caiman","Jacaré-do-pantanal","13","01","2019","13","04","2019","13/01/2019","F. Oliveira","C. Lima","Observação em campo","Brasil","BR","Mato Grosso do Sul","Corumbá","Estrada Parque Pantanal","-19.00009","-57.61342","1","Planície de inundação do Pantanal"
"MN-0042830","Victoria amazonica","(Poepp.) J.C.Sowerby","Nymphaeaceae","Victoria","Vitória-régia","06","07","2020","06","08","2020","06/07/2020","C. Lima","C. Lima","Coleta","Brasil","BR","Amazonas","Tefé","RDS Mamirauá","-3.13982","-64.7843","","Várzea amazônica"
"MN-0043059","Cereus jamacaru","DC.","Cactaceae","Cereus","Mandacaru","06","06","2016","06","06","2016","06/06/2016","A. Maciel","M. Andrade","Material preservado (herbário)","Brasil","BR","Bahia","Curaçá","Riacho Melância","-9.16935","-39.8781","2","Caatinga arbustiva"
"MN-0043087","Blastocerus dichotomus","(Illiger, 1815)","Cervidae","Blastocerus","Cervo-do-pantanal","24","06","2021","24","06","2021","24/06/2021","R. Cunha","G. Nunes","Observação em campo","Brasil","BR","Mato Grosso do Sul","Corumbá","Estrada Parque Pantanal","-19.03603","-57.6509","2","Planície de inundação do Pantanal"
"MN-0043154","Jabiru mycteria","(Lichtenstein, 1819)","Ciconiidae","Jabiru","Tuiuiú","09","01","2021","09","01","2021","09/01/2021","A. Maciel","B. Carvalho","Registro fotográfico","Brasil","BR","Mato Grosso","Poconé","Porto Jofre (Transpantaneira)","-17.34156","-56.76028","2","Planície de inundação do Pantanal"
"MN-0043679","Psophia viridis","Spix, 1825","Psophiidae","Psophia","Jacamim-de-costas-verdes","11","08","2023","11","08","2023","11/08/2023 07:23","D. Rocha","F. Oliveira","Registro fotográfico","Brasil","BR","Mato Grosso","Novo Mundo","RPPN Cristalino","-9.62345","-55.93602","","Floresta amazônica (sul)"
"MN-0043444","Anodorhynchus hyacinthinus","(Latham, 1790)","Psittacidae","Anodorhynchus","Arara-azul-grande","02","04","2020","02","04","2020","02/04/2020","T. Almeida","G. Nunes","Registro fotográfico","Brasil","BR","Mato Grosso","Poconé","Porto Jofre (Transpantaneira)","-17.33752","-56.77891","1","Planície de inundação do Pantanal"
"MN-0043211","Panthera onca","(Linnaeus, 1758)","Felidae","Panthera","Onça-pintada","07","10","2019","07","11","2020","07/10/2019","A. Maciel","G. Nunes","Registro fotográfico","Brasil","BR","Mato Grosso","Poconé","Porto Jofre (Transpantaneira)","-17.31258","-56.80551","3","Planície de inundação do Pantanal"
"MN-0042852","Tangara cyanocephala","(Statius Müller, 1776)","Thraupidae","Tangara","Saíra-militar","19","10","2019","19","12","2019","19/10/2019","D. Rocha","B. Carvalho","Observação em campo","Brasil","BR","Alagoas","Quebrangulo","Estação Ecológica de Pedra Talhada","-9.21137","-36.41437","2","Brejo de altitude"
"MN-0043299","Rhea americana","(Linnaeus, 1758)","Rheidae","Rhea","Ema","08","04","2022","08","07","2022","08/04/2022","L. Souza","J. Pereira","Registro fotográfico","Brasil","BR","Minas Gerais","São Roque de Minas","Parque Nacional da Serra da Canastra","-20.33055","-46.53164","2","Campo rupestre / rio de planalto"
"DEMO-NAME-02","Panthera leo","(Linnaeus, 1758)","Felidae","Panthera","Leão-africano","10","05","2024","10","05","2024","10/05/2024","B. Carvalho","T. Almeida","Observação","Brasil","BR","São Paulo","São Paulo","Registro exotico (provavel erro de identificacao)","-23.65","-46.62","1","Area urbana"
"MN-0043687","Penelope jacucaca","Spix, 1825","Cracidae","Penelope","Jacucaca","20","11","2017","20","11","2017","20/11/2017 17:05","J. Pereira","R. Cunha","Registro fotográfico","Brasil","BR","Bahia","Jeremoabo","Estação Ecológica Raso da Catarina","-9.63888","-38.48405","1","Caatinga arbórea"
"MN-0043857","Tangara fastuosa","(Lesson, 1831)","Thraupidae","Tangara","Saíra-de-sete-cores","18","11","2018","18","11","2018","18/11/2018","A. Maciel","D. Rocha","Observação","Brasil","BR","Alagoas","Quebrangulo","Estação Ecológica de Pedra Talhada","-9.23132","-36.41044","","Brejo de altitude"
"MN-0043716","Ateles paniscus","(Linnaeus, 1758)","Atelidae","Ateles","Macaco-aranha-de-cara-vermelha","28","01","2016","28","02","2016","28/01/2016","L. Souza","P. Santos","Observação","Brasil","BR","Pará","Melgaço","Floresta Nacional de Caxiuanã","-1.71653","-51.47169","4","Floresta de terra firme"
"MN-0042941","Rhea americana","(Linnaeus, 1758)","Rheidae","Rhea","Ema","15","08","2015","15","08","2015","15/08/2015","F. Oliveira","T. Almeida","Observação em campo","Brasil","BR","Goiás","Mineiros","Parque Nacional das Emas","-18.26117","-52.91022","2","Cerrado / campo limpo"
"MN-0043214","Pteronura brasiliensis","(Zimmermann, 1780)","Mustelidae","Pteronura","Ariranha","","11","2019","","01","2020","11/2019","R. Cunha","G. Nunes","Observação em campo","Brasil","BR","Mato Grosso","Novo Mundo","RPPN Cristalino","-9.5913","-55.96298","2","Floresta amazônica (sul)"
"MN-0043842","Sporophila albogularis","(Spix, 1825)","Thraupidae","Sporophila","Golinho","21","04","2020","21","04","2020","21/04/2020","J. Pereira","T. Almeida","Observação em campo","Brasil","BR","Bahia","Jeremoabo","Estação Ecológica Raso da Catarina","-9.60591","-38.53436","2","Caatinga arbórea"
"MN-0042886","Inia geoffrensis","(Blainville, 1817)","Iniidae","Inia","Boto-cor-de-rosa","19","12","2018","19","03","2019","19/12/2018","G. Nunes","L. Souza","Observação","Brasil","BR","Amazonas","Tefé","RDS Mamirauá","-3.08441","-64.84485","4","Várzea amazônica"
"MN-0043691","Prosopis affinis","Spreng.","Fabaceae","Prosopis","Inhanduvá","04","06","2024","04","07","2024","04/06/2024","A. Maciel","F. Oliveira","Coleta","","BR","Rio Grande do Sul","Barra do Quaraí","Parque Estadual do Espinilho","-30.20569","-57.57767","3","Savana-estépica (Pampa)"
"MN-0043301","Brachyteles arachnoides","(É. Geoffroy, 1806)","Atelidae","Brachyteles","Muriqui-do-sul","15","02","2020","15","03","2020","15/02/2020","J. Pereira","D. Rocha","Observação em campo","Brasil","BR","São Paulo","São Miguel Arcanjo","Parque Estadual Carlos Botelho","-24.01771","-47.96284","1","Floresta Atlântica"
"MN-0043239","Euterpe edulis","Mart.","Arecaceae","Euterpe","Palmito-juçara","","11","2016","","02","2017","11/2016","A. Maciel","D. Rocha","Material preservado (herbário)","Brasil","BR","Rio de Janeiro","Itatiaia","Parque Nacional do Itatiaia","-22.41494","-44.64964","2","Floresta Atlântica montana"
"MN-0043415","Penelope jacucaca","Spix, 1825","Cracidae","Penelope","Jacucaca","19","11","2020","19","11","2020","19/11/2020","A. Maciel","L. Souza","Observação","Brasil","BR","Pernambuco","Buíque","Parque Nacional do Catimbau","-8.55885","-37.22983","1","Caatinga arbórea"
"MN-0043185","Spinus yarrellii","(Audubon, 1839)","Fringillidae","Spinus","Pintassilgo-do-nordeste","17","11","2022","17","01","2023","17/11/2022","F. Oliveira","J. Pereira","Registro fotográfico","Brasil","BR","Ceará","Quixadá","Serra do Estevão","-4.96392","-39.02938","1","Caatinga / serra úmida"
"MN-0043892","Panthera onca","(Linnaeus, 1758)","Felidae","Panthera","Onça-pintada","19","08","2020","19","08","2021","19/08/2020","R. Cunha","B. Carvalho","Armadilha fotográfica","Brasil","BR","Mato Grosso do Sul","Miranda","RPPN Caiman","-19.93754","-56.29504","4","Planície de inundação do Pantanal"
"MN-0042937","Prosopis affinis","Spreng.","Fabaceae","Prosopis","Inhanduvá","25","02","2021","25","04","2021","25/02/2021","A. Maciel","M. Andrade","Material preservado (herbário)","Brasil","BR","Rio Grande do Sul","Barra do Quaraí","Parque Estadual do Espinilho","-30.20741","-57.58978","1","Savana-estépica (Pampa)"
"MN-0043337","Rhea americana","(Linnaeus, 1758)","Rheidae","Rhea","Ema","07","11","2015","07","01","2016","07/11/2015","P. Santos","B. Carvalho","Observação em campo","Brasil","BR","Goiás","Mineiros","Parque Nacional das Emas","-18.25581","-52.89029","3","Cerrado / campo limpo"
"MN-0043160","Xanthopsar flavus","(Gmelin, 1788)","Icteridae","Xanthopsar","Veste-amarela","27","07","2020","27","07","2020","27/07/2020","C. Lima","F. Oliveira","Observação em campo","Brasil","BR","Rio Grande do Sul","Canguçu","Serra do Sudeste (zona rural)","-31.37046","-52.72043","3","Campos do Pampa"
"MN-0043206","Bertholletia excelsa","Bonpl.","Lecythidaceae","Bertholletia","Castanheira-do-pará","23","02","2018","23","02","2018","23/02/2018","J. Pereira","T. Almeida","Material preservado (herbário)","Brasil","BR","Pará","Melgaço","Floresta Nacional de Caxiuanã","-1.75899","-51.4853","5","Floresta de terra firme"
"MN-0043882","Butia odorata","(Barb.Rodr.) Noblick","Arecaceae","Butia","Butiá","08","05","2022","08","07","2022","08/05/2022","L. Souza","R. Cunha","Material preservado (herbário)","Brasil","BR","Rio Grande do Sul","Aceguá","Coxilhas de Aceguá","-31.6426","-54.16451","1","Campos do Pampa"
"MN-0043473","Euterpe edulis","Mart.","Arecaceae","Euterpe","Palmito-juçara","10","12","2020","10","01","2021","10/12/2020","L. Souza","P. Santos","Coleta","Brasil","BR","Rio de Janeiro","Itatiaia","Parque Nacional do Itatiaia","-22.43096","-44.6004","","Floresta Atlântica montana"
"MN-0043284","Procnias nudicollis","(Vieillot, 1817)","Cotingidae","Procnias","Araponga-do-nordeste","06","10","2024","06","12","2024","06/10/2024","C. Lima","P. Santos","Observação em campo","Brasil","BR","São Paulo","São Miguel Arcanjo","Parque Estadual Carlos Botelho","-24.05889","-48.02448","5","Floresta Atlântica"
"MN-0043764","Tangara cyanocephala","(Statius Müller, 1776)","Thraupidae","Tangara","Saíra-militar","16","08","2019","16","08","2019","16/08/2019","F. Oliveira","D. Rocha","Espécime preservado","Brasil","BR","Pernambuco","Tamandaré","Reserva Biológica de Saltinho","-8.77333","-35.15883","1","Floresta Atlântica"
"MN-0043292","Euterpe edulis","Mart.","Arecaceae","Euterpe","Palmito-juçara","04","01","2022","04","02","2022","04/01/2022","R. Cunha","P. Santos","Espécime preservado","Brasil","BR","Rio de Janeiro","Itatiaia","Parque Nacional do Itatiaia","-22.45468","-44.59478","5","Floresta Atlântica montana"
"MN-0043200","Butia odorata","(Barb.Rodr.) Noblick","Arecaceae","Butia","Butiá","13","12","2023","13","12","2023","13/12/2023","B. Carvalho","G. Nunes","Espécime preservado","Brasil","BR","Rio Grande do Sul","Aceguá","Coxilhas de Aceguá","-31.64678","-54.14601","1","Campos do Pampa"
"MN-0043456","Leopardus geoffroyi","(d'Orbigny & Gervais, 1844)","Felidae","Leopardus","Gato-do-mato-grande","04","11","2015","04","03","2016","04/11/2015","R. Cunha","J. Pereira","Armadilha fotográfica","BRASIL","BR","Rio Grande do Sul","Barra do Quaraí","Parque Estadual do Espinilho","-30.13969","-57.5414","1","Savana-estépica (Pampa)"
"MN-0043543","Mergus octosetaceus","Vieillot, 1817","Anatidae","Mergus","Pato-mergulhão","24","10","2018","24","01","2019","24/10/2018","A. Maciel","J. Pereira","Observação","Brasil","BR","Minas Gerais","São Roque de Minas","Parque Nacional da Serra da Canastra","-20.33972","-46.55808","","Campo rupestre / rio de planalto"
"MN-0043172","Pyrrhura griseipectus","Salvadori, 1900","Psittacidae","Pyrrhura","Tiriba-de-peito-cinza","21","12","2015","21","12","2015","21/12/2015","T. Almeida","B. Carvalho","Registro fotográfico","Brasil","BR","Ceará","Quixadá","Serra do Estevão","-4.93497","-38.9999","2","Caatinga / serra úmida"
"MN-0043608","Glaucis dohrnii","(Bourcier & Mulsant, 1852)","Trochilidae","Glaucis","Rabo-branco-de-margarette","03","04","2019","03","04","2019","03/04/2019 09:11","M. Andrade","D. Rocha","Registro fotográfico","Brasil","BR","Bahia","Una","Reserva Biológica de Una","-15.13147","-39.08475","2","Floresta Atlântica"
"","Amazona pretrei","(Temminck, 1830)","Psittacidae","Amazona","Papagaio-charão","24","01","2024","24","04","2024","24/01/2024","J. Pereira","D. Rocha","Registro fotográfico","Brasil","BR","Rio Grande do Sul","Carazinho","Floresta Nacional de Carazinho","-28.28722","-52.78084","3","Floresta com Araucária"
"MN-0043557","Glaucis dohrnii","(Bourcier & Mulsant, 1852)","Trochilidae","Glaucis","Rabo-branco-de-margarette","11","03","2022","11","03","2022","11/03/2022","T. Almeida","A. Maciel","Observação","Brasil","BR","Bahia","Una","Reserva Biológica de Una","-15.21029","-39.10796","4","Floresta Atlântica"
"MN-0043502","Penelope jacucaca","Spix, 1825","Cracidae","Penelope","Jacucaca","28","03","2023","28","03","2023","28/03/2023","P. Santos","D. Rocha","Observação em campo","Brasil","BR","Bahia","Jeremoabo","Estação Ecológica Raso da Catarina","-9.61213","-38.50763","1","Caatinga arbórea"
"MN-0043298","Panthera onca","(Linnaeus, 1758)","Felidae","Panthera","Onça-pintada","04","10","2017","04","08","2018","04/10/2017","L. Souza","G. Nunes","Armadilha fotográfica","Brasil","BR","Mato Grosso","Poconé","Porto Jofre (Transpantaneira)","-17.33456","-56.76979","2","Planície de inundação do Pantanal"
"MN-0043210","Antilophia galeata","(Lichtenstein, 1823)","Pipridae","Antilophia","Soldadinho","24","02","2017","24","02","2017","24/02/2017","A. Maciel","F. Oliveira","Observação em campo","Brasil","BR","Distrito Federal","Brasília","Estação Ecológica de Águas Emendadas","-15.5162","-47.58502","1","Cerrado / vereda"
"MN-0043643","Pteronura brasiliensis","(Zimmermann, 1780)","Mustelidae","Pteronura","Ariranha","23","02","2020","23","04","2020","23/02/2020 15:30","D. Rocha","D. Rocha","Observação","Brasil","BR","Mato Grosso","Poconé","Porto Jofre (Transpantaneira)","-17.34625","-56.72656","1","Planície de inundação do Pantanal"
"MN-0043359","Pteronura brasiliensis","(Zimmermann, 1780)","Mustelidae","Pteronura","Ariranha","24","11","2015","24","11","2015","24/11/2015 14:52","A. Maciel","P. Santos","Observação em campo","Brasil","BR","Mato Grosso","Novo Mundo","RPPN Cristalino","-9.59215","-55.95898","2","Floresta amazônica (sul)"
"MN-0043286","Sturnella superciliaris","(Bonaparte, 1850)","Icteridae","Sturnella","Polícia-inglesa-do-sul","02","02","2016","02","02","2016","02/02/2016","P. Santos","C. Lima","Observação em campo","","BR","Rio Grande do Sul","Santa Maria","Morro da Caturrita","-29.67028","-53.80168","4","Campos do Pampa"
"MN-0043775","Xanthopsar flavus","(Gmelin, 1788)","Icteridae","Xanthopsar","Veste-amarela","12","01","2023","12","01","2023","12/01/2023","B. Carvalho","J. Pereira","Observação em campo","Brasil","BR","Rio Grande do Sul","Santa Maria","Morro da Caturrita","-29.71331","-53.76546","6","Campos do Pampa"
"MN-0043158","Anodorhynchus leari","Bonaparte, 1856","Psittacidae","Anodorhynchus","Arara-azul-de-lear","26","06","2019","26","08","2019","26/06/2019","C. Lima","B. Carvalho","Observação em campo","","BR","Bahia","Canudos","ARIE Serra Branca","-9.88957","-39.02084","2","Caatinga arbórea"
"MN-0042827","Ateles paniscus","(Linnaeus, 1758)","Atelidae","Ateles","Macaco-aranha-de-cara-vermelha","03","09","2023","03","09","2023","03/09/2023","M. Andrade","G. Nunes","Registro fotográfico","Brasil","BR","Pará","Melgaço","Floresta Nacional de Caxiuanã","-1.71244","-51.45569","3","Floresta de terra firme"
"MN-0043784","Tangara fastuosa","(Lesson, 1831)","Thraupidae","Tangara","Saíra-de-sete-cores","19","02","2022","19","05","2022","19/02/2022","F. Oliveira","A. Maciel","Observação","Brasil","BR","Alagoas","Quebrangulo","Estação Ecológica de Pedra Talhada","-9.25443","-36.46945","3","Brejo de altitude"
"MN-0043310","Leopardus geoffroyi","(d'Orbigny & Gervais, 1844)","Felidae","Leopardus","Gato-do-mato-grande","06","03","2023","06","07","2024","06/03/2023","R. Cunha","P. Santos","Armadilha fotográfica","Brasil","BR","Rio Grande do Sul","Barra do Quaraí","Parque Estadual do Espinilho","-30.1564","-57.51877","2","Savana-estépica (Pampa)"
"MN-0043550","Crax blumenbachii","Spix, 1825","Cracidae","Crax","Mutum-do-sudeste","08","09","2020","08","10","2020","08/09/2020","B. Carvalho","B. Carvalho","Registro fotográfico","","BR","Espírito Santo","Linhares","Reserva Natural Vale","-19.12503","-40.03601","4","Floresta de tabuleiro"
"MN-0043568","Panthera onca","(Linnaeus, 1758)","Felidae","Panthera","Onça-pintada","10","12","2015","10","02","2017","10/12/2015","R. Cunha","F. Oliveira","Observação em campo","Brasil","BR","Mato Grosso","Poconé","Porto Jofre (Transpantaneira)","-17.36745","-56.7741","2","Planície de inundação do Pantanal"
"MN-0043447","Tapirus terrestris","(Linnaeus, 1758)","Tapiridae","Tapirus","Anta","25","07","2023","25","07","2024","25/07/2023","P. Santos","L. Souza","Armadilha fotográfica","Brasil","BR","Goiás","Mineiros","Parque Nacional das Emas","-18.30735","-52.94472","1","Cerrado / campo limpo"
"","Paubrasilia echinata","(Lam.) Gagnon, H.C.Lima & G.P.Lewis","Fabaceae","Paubrasilia","Pau-brasil","27","03","2016","27","06","2016","27/03/2016","F. Oliveira","D. Rocha","Coleta","Brasil","BR","Espírito Santo","Linhares","Reserva Natural Vale","-19.15726","-40.08207","1","Floresta de tabuleiro"
"MN-0043710","Myrmecophaga tridactyla","Linnaeus, 1758","Myrmecophagidae","Myrmecophaga","Tamanduá-bandeira","","07","2017","","01","2018","07/2017","C. Lima","B. Carvalho","Registro fotográfico","Brasil","BR","Goiás","Mineiros","Parque Nacional das Emas","-18.29561","-52.90156","1","Cerrado / campo limpo"
"MN-0042907","Procnias nudicollis","(Vieillot, 1817)","Cotingidae","Procnias","Araponga-do-nordeste","20","01","2024","20","03","2024","20/01/2024","C. Lima","T. Almeida","Registro fotográfico","Brasil","BR","Pernambuco","Tamandaré","Reserva Biológica de Saltinho","-8.73506","-35.18674","3","Floresta Atlântica"
"MN-0043754","Tangara cyanocephala","(Statius Müller, 1776)","Thraupidae","Tangara","Saíra-militar","20","10","2015","20","12","2015","20/10/2015","R. Cunha","B. Carvalho","Coleta","Brasil","BR","Alagoas","Quebrangulo","Estação Ecológica de Pedra Talhada","-9.22331","-36.41162","3","Brejo de altitude"
"MN-0043778","Anodorhynchus leari","Bonaparte, 1856","Psittacidae","Anodorhynchus","Arara-azul-de-lear","20","09","2015","20","09","2015","20/09/2015","B. Carvalho","R. Cunha","Registro fotográfico","Brasil","BR","Bahia","Jeremoabo","Estação Ecológica Raso da Catarina","-9.62435","-38.5106","2","Caatinga arbórea"
"MN-0043581","Tangara cyanocephala","(Statius Müller, 1776)","Thraupidae","Tangara","Saíra-militar","04","05","2022","04","07","2022","04/05/2022","B. Carvalho","J. Pereira","Observação","Brasil","BR","Alagoas","Quebrangulo","Estação Ecológica de Pedra Talhada","-9.26042","-36.41682","2","Brejo de altitude"
"MN-0043770","Procnias nudicollis","(Vieillot, 1817)","Cotingidae","Procnias","Araponga-do-nordeste","03","06","2023","03","06","2023","03/06/2023","R. Cunha","T. Almeida","Observação em campo","Brasil","BR","Pernambuco","Tamandaré","Reserva Biológica de Saltinho","-8.72415","-35.14124","4","Floresta Atlântica"
"MN-0043157","Leontopithecus rosalia","(Linnaeus, 1766)","Callitrichidae","Leontopithecus","Mico-leão-dourado","21","07","2021","21","07","2021","21/07/2021","J. Pereira","J. Pereira","Observação","Brasil","BR","Rio de Janeiro","Silva Jardim","Reserva Biológica de Poço das Antas","-22.53418","-42.2773","1","Floresta Atlântica"
"MN-0043827","Mergus octosetaceus","Vieillot, 1817","Anatidae","Mergus","Pato-mergulhão","27","11","2024","27","01","2025","27/11/2024","F. Oliveira","B. Carvalho","Registro fotográfico","Brasil","BR","Minas Gerais","São Roque de Minas","Parque Nacional da Serra da Canastra","-20.30267","-46.49806","2","Campo rupestre / rio de planalto"
"MN-0043537","Psophia viridis","Spix, 1825","Psophiidae","Psophia","Jacamim-de-costas-verdes","25","12","2015","25","12","2015","25/12/2015","D. Rocha","T. Almeida","Observação","Brasil","BR","Mato Grosso","Novo Mundo","RPPN Cristalino","-9.63193","-55.921","1","Floresta amazônica (sul)"
"MN-0043504","Brachyteles arachnoides","(É. Geoffroy, 1806)","Atelidae","Brachyteles","Muriqui-do-sul","05","02","2016","05","02","2016","05/02/2016","P. Santos","T. Almeida","Observação","Brasil","BR","Rio de Janeiro","Itatiaia","Parque Nacional do Itatiaia","-22.44216","-44.61584","","Floresta Atlântica montana"
"MN-0043783","Blastocerus dichotomus","(Illiger, 1815)","Cervidae","Blastocerus","Cervo-do-pantanal","06","02","2022","06","04","2022","06/02/2022","R. Cunha","A. Maciel","Observação","Brasil","BR","Mato Grosso do Sul","Corumbá","Estrada Parque Pantanal","-19.02815","-57.6634","","Planície de inundação do Pantanal"
"MN-0043046","Paroaria dominicana","(Linnaeus, 1758)","Thraupidae","Paroaria","Cardeal-do-nordeste","11","09","2015","11","12","2015","11/09/2015","R. Cunha","T. Almeida","Observação em campo","Brasil","BR","Bahia","Curaçá","Riacho Melância","-9.1417","-39.9022","3","Caatinga arbustiva"
"MN-0043562","Blastocerus dichotomus","(Illiger, 1815)","Cervidae","Blastocerus","Cervo-do-pantanal","19","03","2022","19","03","2022","19/03/2022","L. Souza","D. Rocha","Observação","Brasil","BR","Mato Grosso","Poconé","Porto Jofre (Transpantaneira)","-17.33134","-56.75273","3","Planície de inundação do Pantanal"
"MN-0043637","Jabiru mycteria","(Lichtenstein, 1819)","Ciconiidae","Jabiru","Tuiuiú","08","01","2024","08","04","2024","08/01/2024","B. Carvalho","A. Maciel","Registro fotográfico","Brasil","BR","Mato Grosso","Poconé","Porto Jofre (Transpantaneira)","-17.32783","-56.75224","5","Planície de inundação do Pantanal"
"MN-0043766","Cereus jamacaru","DC.","Cactaceae","Cereus","Mandacaru","05","01","2021","05","02","2021","05/01/2021","F. Oliveira","L. Souza","Espécime preservado","Brasil","BR","Bahia","Curaçá","Riacho Melância","-9.15989","-39.86723","6","Caatinga arbustiva"
"MN-0043199","Tapirus terrestris","(Linnaeus, 1758)","Tapiridae","Tapirus","Anta","11","05","2019","11","11","2019","11/05/2019","T. Almeida","L. Souza","Armadilha fotográfica","Brasil","BR","Goiás","Mineiros","Parque Nacional das Emas","-18.25205","-52.91673","4","Cerrado / campo limpo"
"MN-0043089","Amazona pretrei","(Temminck, 1830)","Psittacidae","Amazona","Papagaio-charão","15","05","2021","15","05","2021","15/05/2021","P. Santos","G. Nunes","Observação","","BR","Rio Grande do Sul","Carazinho","Floresta Nacional de Carazinho","-28.25206","-52.7563","2","Floresta com Araucária"
"MN-0043547","Caryocar brasiliense","Cambess.","Caryocaraceae","Caryocar","Pequi","03","04","2024","03","07","2024","03/04/2024","F. Oliveira","P. Santos","Material preservado (herbário)","Brasil","BR","Goiás","Mineiros","Parque Nacional das Emas","-18.32263","-52.9059","2","Cerrado / campo limpo"
"MN-0043658","Xanthopsar flavus","(Gmelin, 1788)","Icteridae","Xanthopsar","Veste-amarela","02","04","2019","02","04","2019","02/04/2019","F. Oliveira","P. Santos","Registro fotográfico","Brasil","BR","Rio Grande do Sul","Santa Maria","Morro da Caturrita","-29.67948","-53.7889","1","Campos do Pampa"
"MN-0043812","Sporophila albogularis","(Spix, 1825)","Thraupidae","Sporophila","Golinho","07","12","2022","07","02","2023","07/12/2022","C. Lima","T. Almeida","Observação em campo","Brasil","BR","Bahia","Jeremoabo","Estação Ecológica Raso da Catarina","-9.62036","-38.51095","2","Caatinga arbórea"
"MN-0043815","Paroaria dominicana","(Linnaeus, 1758)","Thraupidae","Paroaria","Cardeal-do-nordeste","22","01","2024","22","04","2024","22/01/2024","G. Nunes","C. Lima","Observação em campo","Brasil","BR","Bahia","Jeremoabo","Estação Ecológica Raso da Catarina","-9.6631","-38.49353","1","Caatinga arbórea"
"MN-0043583","Psophia viridis","Spix, 1825","Psophiidae","Psophia","Jacamim-de-costas-verdes","13","03","2024","13","04","2024","13/03/2024","D. Rocha","M. Andrade","Observação","Brasil","BR","Mato Grosso","Novo Mundo","RPPN Cristalino","-9.63898","-55.96135","2","Floresta amazônica (sul)"
"MN-0042981","Ramphastos tucanus","Linnaeus, 1758","Ramphastidae","Ramphastos","Tucano-grande-de-papo-branco","09","12","2020","09","12","2020","09/12/2020","L. Souza","T. Almeida","Registro fotográfico","Brasil","BR","Mato Grosso","Novo Mundo","RPPN Cristalino","-9.60182","-55.93449","2","Floresta amazônica (sul)"
"","Prosopis affinis","Spreng.","Fabaceae","Prosopis","Inhanduvá","22","05","2019","22","08","2019","22/05/2019 14:58","B. Carvalho","T. Almeida","Coleta","Brasil","BR","Rio Grande do Sul","Barra do Quaraí","Parque Estadual do Espinilho","-30.13934","-57.5059","3","Savana-estépica (Pampa)"
"MN-0043680","Leontopithecus rosalia","(Linnaeus, 1766)","Callitrichidae","Leontopithecus","Mico-leão-dourado","06","10","2017","06","12","2017","06/10/2017","B. Carvalho","B. Carvalho","Observação","Brasil","BR","Rio de Janeiro","Silva Jardim","Reserva Biológica de Poço das Antas","-22.51755","-42.26796","3","Floresta Atlântica"
"MN-0043302","Blastocerus dichotomus","(Illiger, 1815)","Cervidae","Blastocerus","Cervo-do-pantanal","15","01","2020","15","04","2020","15/01/2020","R. Cunha","J. Pereira","Registro fotográfico","Brasil","BR","Mato Grosso do Sul","Corumbá","Estrada Parque Pantanal","-19.04425","-57.65213","3","Planície de inundação do Pantanal"
"MN-0043023","Paubrasilia echinata","(Lam.) Gagnon, H.C.Lima & G.P.Lewis","Fabaceae","Paubrasilia","Pau-brasil","08","12","2018","08","02","2019","08/12/2018","R. Cunha","F. Oliveira","Espécime preservado","Brasil","BR","Bahia","Una","Reserva Biológica de Una","-15.21169","-39.08495","1","Floresta Atlântica"
"MN-0043501","Pteronura brasiliensis","(Zimmermann, 1780)","Mustelidae","Pteronura","Ariranha","10","07","2016","10","07","2016","10/07/2016","G. Nunes","T. Almeida","Registro fotográfico","Brasil","BR","Mato Grosso","Novo Mundo","RPPN Cristalino","-9.61214","-55.91656","1","Floresta amazônica (sul)"
"","Procnias nudicollis","(Vieillot, 1817)","Cotingidae","Procnias","Araponga-do-nordeste","06","08","2021","06","08","2021","06/08/2021","T. Almeida","M. Andrade","Registro fotográfico","Brasil","BR","Pernambuco","Tamandaré","Reserva Biológica de Saltinho","-8.69084","-35.14109","","Floresta Atlântica"
"MN-0043773","Caryocar brasiliense","Cambess.","Caryocaraceae","Caryocar","Pequi","14","06","2015","14","08","2015","14/06/2015","L. Souza","A. Maciel","Coleta","Brasil","BR","Distrito Federal","Brasília","Estação Ecológica de Águas Emendadas","-15.5093","-47.56768","1","Cerrado / vereda"
"MN-0043019","Caiman yacare","(Daudin, 1802)","Alligatoridae","Caiman","Jacaré-do-pantanal","09","03","2017","09","06","2017","09/03/2017","F. Oliveira","P. Santos","Observação","Brasil","BR","Mato Grosso","Poconé","Porto Jofre (Transpantaneira)","-17.3703","-56.73113","4","Planície de inundação do Pantanal"
"MN-0043469","Pteronura brasiliensis","(Zimmermann, 1780)","Mustelidae","Pteronura","Ariranha","26","06","2018","26","08","2018","26/06/2018","B. Carvalho","B. Carvalho","Observação","Brasil","BR","Mato Grosso","Poconé","Porto Jofre (Transpantaneira)","-17.35367","-56.73215","","Planície de inundação do Pantanal"
"MN-0043140","Brachyteles arachnoides","(É. Geoffroy, 1806)","Atelidae","Brachyteles","Muriqui-do-sul","06","06","2023","06","08","2023","06/06/2023","M. Andrade","R. Cunha","Observação em campo","Brasil","BR","São Paulo","São Miguel Arcanjo","Parque Estadual Carlos Botelho","-24.0645","-47.99602","1","Floresta Atlântica"
"MN-0042925","Dipteryx alata","Vogel","Fabaceae","Dipteryx","Baru","11","09","2023","11","11","2023","11/09/2023","C. Lima","B. Carvalho","Espécime preservado","Brasil","BR","Goiás","Alto Paraíso de Goiás","Parque Nacional da Chapada dos Veadeiros","-14.16345","-47.55946","1","Cerrado sentido restrito"
"MN-0043634","Spinus yarrellii","(Audubon, 1839)","Fringillidae","Spinus","Pintassilgo-do-nordeste","04","05","2020","04","05","2020","04/05/2020","A. Maciel","L. Souza","Observação em campo","Brasil","BR","Ceará","Quixadá","Serra do Estevão","-4.99386","-39.05532","","Caatinga / serra úmida"
"MN-0042932","Jabiru mycteria","(Lichtenstein, 1819)","Ciconiidae","Jabiru","Tuiuiú","18","05","2024","18","05","2024","18/05/2024 02:47","M. Andrade","B. Carvalho","Observação em campo","Brasil","BR","Mato Grosso do Sul","Corumbá","Estrada Parque Pantanal","-18.99702","-57.65075","6","Planície de inundação do Pantanal"
"MN-0043155","Procnias nudicollis","(Vieillot, 1817)","Cotingidae","Procnias","Araponga-do-nordeste","07","02","2024","07","05","2024","07/02/2024","B. Carvalho","M. Andrade","Observação em campo","Brasil","BR","São Paulo","São Miguel Arcanjo","Parque Estadual Carlos Botelho","-24.05934","-47.94842","2","Floresta Atlântica"
"MN-0043238","Sporophila albogularis","(Spix, 1825)","Thraupidae","Sporophila","Golinho","12","05","2024","12","07","2024","12/05/2024","R. Cunha","B. Carvalho","Material preservado (herbário)","Brasil","BR","Bahia","Jeremoabo","Estação Ecológica Raso da Catarina","-9.63469","-38.47205","3","Caatinga arbórea"
"MN-0043652","Rhea americana","(Linnaeus, 1758)","Rheidae","Rhea","Ema","08","09","2018","08","12","2018","08/09/2018","F. Oliveira","J. Pereira","Registro fotográfico","Brasil","BR","Goiás","Mineiros","Parque Nacional das Emas","-18.2734","-52.88739","3","Cerrado / campo limpo"
"MN-0043856","Euterpe edulis","Mart.","Arecaceae","Euterpe","Palmito-juçara","17","07","2018","17","09","2018","17/07/2018","F. Oliveira","R. Cunha","Coleta","Brasil","BR","Rio de Janeiro","Itatiaia","Parque Nacional do Itatiaia","-22.48432","-44.65138","4","Floresta Atlântica montana"
"MN-0042888","Paroaria dominicana","(Linnaeus, 1758)","Thraupidae","Paroaria","Cardeal-do-nordeste","03","12","2019","03","12","2019","03/12/2019","R. Cunha","G. Nunes","Observação em campo","Brasil","BR","Pernambuco","Buíque","Parque Nacional do Catimbau","-8.51697","-37.28615","3","Caatinga arbórea"
"","Psophia viridis","Spix, 1825","Psophiidae","Psophia","Jacamim-de-costas-verdes","16","12","2019","16","12","2019","16/12/2019","A. Maciel","T. Almeida","Observação em campo","Brasil","BR","Mato Grosso","Novo Mundo","RPPN Cristalino","-9.56209","-55.96098","","Floresta amazônica (sul)"
"MN-0043330","Panthera onca","(Linnaeus, 1758)","Felidae","Panthera","Onça-pintada","03","10","2019","03","04","2020","03/10/2019","D. Rocha","R. Cunha","Armadilha fotográfica","Brasil","BR","Mato Grosso","Poconé","Porto Jofre (Transpantaneira)","-17.34583","-56.79756","5","Planície de inundação do Pantanal"
"MN-0043817","Tangara cyanocephala","(Statius Müller, 1776)","Thraupidae","Tangara","Saíra-militar","26","02","2019","26","02","2019","26/02/2019 19:26","A. Maciel","T. Almeida","Material preservado (herbário)","Brasil","BR","Alagoas","Quebrangulo","Estação Ecológica de Pedra Talhada","-9.24755","-36.4623","1","Brejo de altitude"
"MN-0043600","Sturnella superciliaris","(Bonaparte, 1850)","Icteridae","Sturnella","Polícia-inglesa-do-sul","","08","2020","","11","2020","08/2020","P. Santos","C. Lima","Registro fotográfico","Brasil","BR","Rio Grande do Sul","Aceguá","Coxilhas de Aceguá","-31.67197","-54.18377","1","Campos do Pampa"
"MN-0043552","Tangara fastuosa","(Lesson, 1831)","Thraupidae","Tangara","Saíra-de-sete-cores","13","05","2015","13","08","2015","13/05/2015 17:48","B. Carvalho","P. Santos","Espécime preservado","Brasil","BR","Alagoas","Quebrangulo","Estação Ecológica de Pedra Talhada","-9.27619","-36.44693","4","Brejo de altitude"
"MN-0042971","Sturnella superciliaris","(Bonaparte, 1850)","Icteridae","Sturnella","Polícia-inglesa-do-sul","17","09","2015","17","12","2015","17/09/2015","B. Carvalho","P. Santos","Observação em campo","Brasil","BR","Rio Grande do Sul","Santa Maria","Morro da Caturrita","-29.70186","-53.83563","1","Campos do Pampa"
"MN-0043002","Pyrrhura griseipectus","Salvadori, 1900","Psittacidae","Pyrrhura","Tiriba-de-peito-cinza","08","11","2022","08","11","2022","08/11/2022","T. Almeida","T. Almeida","Observação","Brasil","BR","Ceará","Quixadá","Serra do Estevão","-4.93195","-39.05512","5","Caatinga / serra úmida"
"MN-0042901","Myrmecophaga tridactyla","Linnaeus, 1758","Myrmecophagidae","Myrmecophaga","Tamanduá-bandeira","20","02","2024","20","11","2024","20/02/2024","A. Maciel","T. Almeida","Armadilha fotográfica","BRASIL","BR","Goiás","Mineiros","Parque Nacional das Emas","-18.29304","-52.92379","1","Cerrado / campo limpo"
"MN-0043897","Sporophila albogularis","(Spix, 1825)","Thraupidae","Sporophila","Golinho","11","04","2019","11","04","2019","11/04/2019","F. Oliveira","G. Nunes","Material preservado (herbário)","Brasil","BR","Pernambuco","Buíque","Parque Nacional do Catimbau","-8.56141","-37.22601","","Caatinga arbórea"
"MN-0042868","Penelope jacucaca","Spix, 1825","Cracidae","Penelope","Jacucaca","21","03","2018","21","03","2018","21/03/2018","P. Santos","L. Souza","Observação em campo","Brasil","BR","Pernambuco","Buíque","Parque Nacional do Catimbau","-8.51183","-37.23197","5","Caatinga arbórea"
"MN-0043651","Butia odorata","(Barb.Rodr.) Noblick","Arecaceae","Butia","Butiá","25","03","2018","25","05","2018","25/03/2018","F. Oliveira","R. Cunha","Material preservado (herbário)","","BR","Rio Grande do Sul","Canguçu","Serra do Sudeste (zona rural)","-31.44209","-52.69675","1","Campos do Pampa"
"MN-0043533","Dipteryx alata","Vogel","Fabaceae","Dipteryx","Baru","14","07","2015","14","08","2015","14/07/2015","B. Carvalho","T. Almeida","Material preservado (herbário)","Brasil","BR","Goiás","Mineiros","Parque Nacional das Emas","-18.26921","-52.93786","1","Cerrado / campo limpo"
"MN-0043589","Tangara fastuosa","(Lesson, 1831)","Thraupidae","Tangara","Saíra-de-sete-cores","12","02","2017","12","03","2017","12/02/2017","A. Maciel","G. Nunes","Coleta","Brasil","BR","Alagoas","Quebrangulo","Estação Ecológica de Pedra Talhada","-9.21576","-36.46266","2","Brejo de altitude"
"MN-0043714","Sturnella superciliaris","(Bonaparte, 1850)","Icteridae","Sturnella","Polícia-inglesa-do-sul","20","09","2024","20","10","2024","20/09/2024 22:33","C. Lima","F. Oliveira","Registro fotográfico","Brasil","BR","Rio Grande do Sul","Santa Maria","Morro da Caturrita","-29.71507","-53.79664","1","Campos do Pampa"
"MN-0043491","Sturnella superciliaris","(Bonaparte, 1850)","Icteridae","Sturnella","Polícia-inglesa-do-sul","15","08","2021","15","11","2021","15/08/2021","T. Almeida","M. Andrade","Observação","Brasil","BR","Rio Grande do Sul","Santa Maria","Morro da Caturrita","-29.63693","-53.84148","","Campos do Pampa"
"MN-0042994","Prosopis affinis","Spreng.","Fabaceae","Prosopis","Inhanduvá","17","09","2016","17","09","2016","2016/09/17","P. Santos","G. Nunes","Espécime preservado","Brasil","BR","Rio Grande do Sul","Barra do Quaraí","Parque Estadual do Espinilho","-30.15634","-57.53736","1","Savana-estépica (Pampa)"
"MN-0043609","Sturnella superciliaris","(Bonaparte, 1850)","Icteridae","Sturnella","Polícia-inglesa-do-sul","13","10","2017","13","01","2018","13/10/2017","A. Maciel","B. Carvalho","Observação em campo","Brasil","BR","Rio Grande do Sul","Santa Maria","Morro da Caturrita","-29.67436","-53.79412","2","Campos do Pampa"
"DEMO-COORD-02","Paroaria dominicana","(Linnaeus, 1758)","Thraupidae","Paroaria","Cardeal-do-nordeste","08","04","2019","08","04","2019","2019/04/08","F. Oliveira","F. Oliveira","Observação","Brasil","BR","Pernambuco","Recife","Plataforma continental","-8.2","-34.3","1","Costa"
"MN-0042832","Tapirus terrestris","(Linnaeus, 1758)","Tapiridae","Tapirus","Anta","12","06","2019","12","09","2019","12/06/2019","M. Andrade","T. Almeida","Armadilha fotográfica","Brasil","BR","Goiás","Mineiros","Parque Nacional das Emas","-18.30875","-52.89914","","Cerrado / campo limpo"
"MN-0042920","Chrysocyon brachyurus","(Illiger, 1815)","Canidae","Chrysocyon","Lobo-guará","11","09","2015","11","05","2016","11/09/2015","C. Lima","P. Santos","Observação","Brasil","BR","Goiás","Alto Paraíso de Goiás","Parque Nacional da Chapada dos Veadeiros","-14.16909","-47.51348","1","Cerrado sentido restrito"
"MN-0043724","Penelope jacucaca","Spix, 1825","Cracidae","Penelope","Jacucaca","03","10","2018","03","01","2019","03/10/2018","J. Pereira","A. Maciel","Registro fotográfico","Brasil","BR","Bahia","Jeremoabo","Estação Ecológica Raso da Catarina","-9.61454","-38.49213","5","Caatinga arbórea"
"MN-0043448","Penelope jacucaca","Spix, 1825","Cracidae","Penelope","Jacucaca","","10","2023","","01","2024","10/2023","C. Lima","P. Santos","Observação","Brasil","BR","Bahia","Jeremoabo","Estação Ecológica Raso da Catarina","-9.59093","-38.464","1","Caatinga arbórea"
"","Psophia viridis","Spix, 1825","Psophiidae","Psophia","Jacamim-de-costas-verdes","15","07","2017","15","07","2017","15/07/2017","P. Santos","F. Oliveira","Observação","Brasil","BR","Mato Grosso","Novo Mundo","RPPN Cristalino","-9.61192","-55.89251","3","Floresta amazônica (sul)"
"MN-0043246","Inia geoffrensis","(Blainville, 1817)","Iniidae","Inia","Boto-cor-de-rosa","22","10","2018","22","10","2018","22/10/2018","R. Cunha","M. Andrade","Registro fotográfico","Brasil","BR","Amazonas","Tefé","RDS Mamirauá","-3.13517","-64.77821","1","Várzea amazônica"
"MN-0043381","Paroaria dominicana","(Linnaeus, 1758)","Thraupidae","Paroaria","Cardeal-do-nordeste","23","11","2020","23","11","2020","23/11/2020","C. Lima","C. Lima","Observação","Brasil","BR","Bahia","Curaçá","Riacho Melância","-9.2022","-39.88305","2","Caatinga arbustiva"
"MN-0043024","Crax blumenbachii","Spix, 1825","Cracidae","Crax","Mutum-do-sudeste","","09","2022","","12","2022","09/2022","D. Rocha","B. Carvalho","Observação em campo","Brasil","BR","Espírito Santo","Linhares","Reserva Natural Vale","-19.1086","-40.08395","1","Floresta de tabuleiro"
"MN-0043641","Paroaria dominicana","(Linnaeus, 1758)","Thraupidae","Paroaria","Cardeal-do-nordeste","25","10","2022","25","01","2023","25/10/2022","G. Nunes","J. Pereira","Registro fotográfico","Brasil","BR","Bahia","Curaçá","Riacho Melância","-9.18249","-39.83784","","Caatinga arbustiva"
"MN-0043452","Cereus jamacaru","DC.","Cactaceae","Cereus","Mandacaru","09","12","2024","09","03","2025","09/12/2024","P. Santos","B. Carvalho","Coleta","Brasil","BR","Bahia","Curaçá","Riacho Melância","-9.16552","-39.85274","3","Caatinga arbustiva"
"MN-0043832","Bertholletia excelsa","Bonpl.","Lecythidaceae","Bertholletia","Castanheira-do-pará","23","06","2018","23","07","2018","23/06/2018","J. Pereira","P. Santos","Espécime preservado","","BR","Mato Grosso","Novo Mundo","RPPN Cristalino","-9.63471","-55.95401","4","Floresta amazônica (sul)"
"MN-0042879","Crax blumenbachii","Spix, 1825","Cracidae","Crax","Mutum-do-sudeste","27","12","2020","27","12","2020","27/12/2020","M. Andrade","C. Lima","Observação","Brasil","BR","Espírito Santo","Linhares","Reserva Natural Vale","-19.16131","-40.0352","","Floresta de tabuleiro"
"MN-0043839","Paroaria dominicana","(Linnaeus, 1758)","Thraupidae","Paroaria","Cardeal-do-nordeste","03","09","2019","03","12","2019","03/09/2019","C. Lima","C. Lima","Registro fotográfico","Brasil","BR","Pernambuco","Buíque","Parque Nacional do Catimbau","-8.48488","-37.28264","","Caatinga arbórea"
"MN-0043464","Euterpe edulis","Mart.","Arecaceae","Euterpe","Palmito-juçara","09","01","2024","09","01","2024","09/01/2024","F. Oliveira","R. Cunha","Coleta","Brasil","BR","São Paulo","São Miguel Arcanjo","Parque Estadual Carlos Botelho","-24.07906","-47.95904","3","Floresta Atlântica"
"MN-0043120","Paroaria dominicana","(Linnaeus, 1758)","Thraupidae","Paroaria","Cardeal-do-nordeste","12","03","2015","12","04","2015","2015/03/12","T. Almeida","T. Almeida","Registro fotográfico","Brasil","BR","Pernambuco","Buíque","Parque Nacional do Catimbau","-8.50053","-37.28482","1","Caatinga arbórea"
"MN-0043854","Victoria amazonica","(Poepp.) J.C.Sowerby","Nymphaeaceae","Victoria","Vitória-régia","02","10","2020","02","10","2020","02/10/2020","M. Andrade","B. Carvalho","Espécime preservado","Brasil","BR","Amazonas","Tefé","RDS Mamirauá","-3.08263","-64.76778","4","Várzea amazônica"
"MN-0043204","Tangara fastuosa","(Lesson, 1831)","Thraupidae","Tangara","Saíra-de-sete-cores","19","01","2024","19","03","2024","19/01/2024","J. Pereira","T. Almeida","Coleta","","BR","Alagoas","Quebrangulo","Estação Ecológica de Pedra Talhada","-9.26899","-36.40168","3","Brejo de altitude"
"MN-0043237","Paroaria dominicana","(Linnaeus, 1758)","Thraupidae","Paroaria","Cardeal-do-nordeste","07","03","2022","07","05","2022","07/03/2022","L. Souza","L. Souza","Registro fotográfico","Brasil","BR","Bahia","Jeremoabo","Estação Ecológica Raso da Catarina","-9.59044","-38.48753","5","Caatinga arbórea"
"MN-0043126","Procnias nudicollis","(Vieillot, 1817)","Cotingidae","Procnias","Araponga-do-nordeste","14","01","2023","14","02","2023","14/01/2023","D. Rocha","G. Nunes","Observação em campo","Brasil","BR","Pernambuco","Tamandaré","Reserva Biológica de Saltinho","-8.77494","-35.17107","","Floresta Atlântica"
"MN-0043465","Butia odorata","(Barb.Rodr.) Noblick","Arecaceae","Butia","Butiá","27","04","2022","27","05","2022","27/04/2022 05:47","C. Lima","D. Rocha","Material preservado (herbário)","Brasil","BR","Rio Grande do Sul","Aceguá","Coxilhas de Aceguá","-31.65788","-54.19844","2","Campos do Pampa"
"MN-0043009","Amazona pretrei","(Temminck, 1830)","Psittacidae","Amazona","Papagaio-charão","15","06","2024","15","07","2024","15/06/2024","J. Pereira","M. Andrade","Observação em campo","Brasil","BR","Rio Grande do Sul","Carazinho","Floresta Nacional de Carazinho","-28.3118","-52.76235","1","Floresta com Araucária"
"MN-0043042","Procnias nudicollis","(Vieillot, 1817)","Cotingidae","Procnias","Araponga-do-nordeste","15","02","2016","15","04","2016","15/02/2016","J. Pereira","A. Maciel","Observação","Brasil","BR","São Paulo","São Miguel Arcanjo","Parque Estadual Carlos Botelho","-24.06231","-47.97485","4","Floresta Atlântica"
"MN-0043262","Leontopithecus rosalia","(Linnaeus, 1766)","Callitrichidae","Leontopithecus","Mico-leão-dourado","12","03","2020","12","04","2020","12/03/2020","P. Santos","T. Almeida","Registro fotográfico","Brasil","BR","Rio de Janeiro","Silva Jardim","Reserva Biológica de Poço das Antas","-22.58726","-42.22922","1","Floresta Atlântica"
"MN-0043642","Paroaria dominicana","(Linnaeus, 1758)","Thraupidae","Paroaria","Cardeal-do-nordeste","25","06","2019","25","06","2019","25/06/2019","M. Andrade","M. Andrade","Espécime preservado","Brasil","BR","Pernambuco","Buíque","Parque Nacional do Catimbau","-8.47693","-37.28181","3","Caatinga arbórea"
"MN-0043376","Blastocerus dichotomus","(Illiger, 1815)","Cervidae","Blastocerus","Cervo-do-pantanal","25","03","2016","25","03","2016","25/03/2016","L. Souza","T. Almeida","Registro fotográfico","BRASIL","BR","Mato Grosso","Poconé","Porto Jofre (Transpantaneira)","-17.38275","-56.72885","4","Planície de inundação do Pantanal"
"MN-0043573","Anodorhynchus hyacinthinus","(Latham, 1790)","Psittacidae","Anodorhynchus","Arara-azul-grande","18","01","2024","18","03","2024","18/01/2024","B. Carvalho","M. Andrade","Observação em campo","Brasil","BR","Mato Grosso do Sul","Corumbá","Estrada Parque Pantanal","-19.04735","-57.69188","1","Planície de inundação do Pantanal"
"MN-0043683","Glaucis dohrnii","(Bourcier & Mulsant, 1852)","Trochilidae","Glaucis","Rabo-branco-de-margarette","04","01","2021","04","04","2021","04/01/2021","T. Almeida","F. Oliveira","Registro fotográfico","BRASIL","BR","Bahia","Una","Reserva Biológica de Una","-15.1689","-39.02881","3","Floresta Atlântica"
"MN-0043026","Panthera onca","(Linnaeus, 1758)","Felidae","Panthera","Onça-pintada","12","09","2023","12","12","2023","12/09/2023","A. Maciel","A. Maciel","Registro fotográfico","Brasil","BR","Mato Grosso do Sul","Miranda","RPPN Caiman","-19.99102","-56.29058","1","Planície de inundação do Pantanal"
"MN-0043769","Anodorhynchus leari","Bonaparte, 1856","Psittacidae","Anodorhynchus","Arara-azul-de-lear","04","05","2017","04","06","2017","04/05/2017","L. Souza","L. Souza","Observação em campo","Brasil","BR","Bahia","Jeremoabo","Estação Ecológica Raso da Catarina","-9.58369","-38.53589","1","Caatinga arbórea"
"MN-0043053","Mergus octosetaceus","Vieillot, 1817","Anatidae","Mergus","Pato-mergulhão","19","09","2018","19","09","2018","19/09/2018","M. Andrade","J. Pereira","Observação em campo","Brasil","BR","Minas Gerais","São Roque de Minas","Parque Nacional da Serra da Canastra","-20.34059","-46.55834","3","Campo rupestre / rio de planalto"
"MN-0043357","Chrysocyon brachyurus","(Illiger, 1815)","Canidae","Chrysocyon","Lobo-guará","12","09","2015","12","10","2016","12/09/2015","C. Lima","B. Carvalho","Armadilha fotográfica","Brasil","BR","Minas Gerais","São Roque de Minas","Parque Nacional da Serra da Canastra","-20.30313","-46.55325","2","Campo rupestre / rio de planalto"
"MN-0043048","Penelope jacucaca","Spix, 1825","Cracidae","Penelope","Jacucaca","03","03","2022","03","05","2022","03/03/2022","B. Carvalho","F. Oliveira","Registro fotográfico","Brasil","BR","Bahia","Boa Nova","Parque Nacional de Boa Nova","-14.35328","-40.19388","2","Mata-de-cipó"
"MN-0043895","Paroaria dominicana","(Linnaeus, 1758)","Thraupidae","Paroaria","Cardeal-do-nordeste","28","03","2020","28","06","2020","28/03/2020","F. Oliveira","L. Souza","Material preservado (herbário)","Brasil","BR","Pernambuco","Buíque","Parque Nacional do Catimbau","-8.54595","-37.26668","2","Caatinga arbórea"
"MN-0043516","Swietenia macrophylla","King","Meliaceae","Swietenia","Mogno","14","02","2016","14","04","2016","14/02/2016","L. Souza","B. Carvalho","Espécime preservado","Brasil","BR","Mato Grosso","Novo Mundo","RPPN Cristalino","-9.56324","-55.93959","1","Floresta amazônica (sul)"
"MN-0043361","Bertholletia excelsa","Bonpl.","Lecythidaceae","Bertholletia","Castanheira-do-pará","07","04","2019","07","04","2019","07/04/2019","P. Santos","R. Cunha","Coleta","Brasil","BR","Pará","Melgaço","Floresta Nacional de Caxiuanã","-1.71697","-51.44818","2","Floresta de terra firme"
"MN-0043619","Blastocerus dichotomus","(Illiger, 1815)","Cervidae","Blastocerus","Cervo-do-pantanal","09","01","2015","09","01","2015","09/01/2015","F. Oliveira","P. Santos","Registro fotográfico","Brasil","BR","Mato Grosso","Poconé","Porto Jofre (Transpantaneira)","-17.36696","-56.72932","1","Planície de inundação do Pantanal"
"MN-0043152","Psophia viridis","Spix, 1825","Psophiidae","Psophia","Jacamim-de-costas-verdes","10","12","2023","10","12","2023","10/12/2023","F. Oliveira","C. Lima","Observação em campo","Brasil","BR","Mato Grosso","Novo Mundo","RPPN Cristalino","-9.61654","-55.90967","1","Floresta amazônica (sul)"
"MN-0042999","Glaucis dohrnii","(Bourcier & Mulsant, 1852)","Trochilidae","Glaucis","Rabo-branco-de-margarette","01","09","2015","01","11","2015","01/09/2015","D. Rocha","B. Carvalho","Registro fotográfico","Brasil","BR","Bahia","Una","Reserva Biológica de Una","-15.185","-39.02534","1","Floresta Atlântica"
"","Anodorhynchus hyacinthinus","(Latham, 1790)","Psittacidae","Anodorhynchus","Arara-azul-grande","","01","2015","","04","2015","01/2015","L. Souza","P. Santos","Registro fotográfico","Brasil","BR","Mato Grosso do Sul","Corumbá","Estrada Parque Pantanal","-19.02847","-57.67785","3","Planície de inundação do Pantanal"
"MN-0043451","Panthera onca","(Linnaeus, 1758)","Felidae","Panthera","Onça-pintada","","01","2016","","05","2017","01/2016","M. Andrade","C. Lima","Armadilha fotográfica","Brasil","BR","Mato Grosso","Poconé","Porto Jofre (Transpantaneira)","-17.33959","-56.72556","3","Planície de inundação do Pantanal"
"MN-0042842","Tangara fastuosa","(Lesson, 1831)","Thraupidae","Tangara","Saíra-de-sete-cores","13","01","2015","13","03","2015","13/01/2015","D. Rocha","D. Rocha","Coleta","Brasil","BR","Pernambuco","Tamandaré","Reserva Biológica de Saltinho","-8.76311","-35.17376","1","Floresta Atlântica"
"MN-0042922","Victoria amazonica","(Poepp.) J.C.Sowerby","Nymphaeaceae","Victoria","Vitória-régia","27","08","2019","27","11","2019","27/08/2019","F. Oliveira","G. Nunes","Espécime preservado","Brasil","BR","Amazonas","Tefé","RDS Mamirauá","-3.06623","-64.78269","3","Várzea amazônica"
"MN-0043595","Blastocerus dichotomus","(Illiger, 1815)","Cervidae","Blastocerus","Cervo-do-pantanal","24","02","2024","24","02","2024","2024/02/24","R. Cunha","G. Nunes","Observação","Brasil","BR","Mato Grosso","Poconé","Porto Jofre (Transpantaneira)","-17.34212","-56.78176","3","Planície de inundação do Pantanal"
"MN-0043051","Tangara cyanocephala","(Statius Müller, 1776)","Thraupidae","Tangara","Saíra-militar","24","07","2015","24","07","2015","24/07/2015","D. Rocha","C. Lima","Observação","Brasil","BR","Alagoas","Quebrangulo","Estação Ecológica de Pedra Talhada","-9.23908","-36.41351","1","Brejo de altitude"
"MN-0043360","Caiman yacare","(Daudin, 1802)","Alligatoridae","Caiman","Jacaré-do-pantanal","","05","2015","","08","2015","05/2015","R. Cunha","C. Lima","Registro fotográfico","Brasil","BR","Mato Grosso","Poconé","Porto Jofre (Transpantaneira)","-17.32053","-56.80248","1","Planície de inundação do Pantanal"
"MN-0043749","Victoria amazonica","(Poepp.) J.C.Sowerby","Nymphaeaceae","Victoria","Vitória-régia","02","09","2015","02","09","2015","02/09/2015","J. Pereira","T. Almeida","Material preservado (herbário)","Brasil","BR","Amazonas","Tefé","RDS Mamirauá","-3.08658","-64.78498","3","Várzea amazônica"
"MN-0043593","Tangara cyanocephala","(Statius Müller, 1776)","Thraupidae","Tangara","Saíra-militar","13","05","2021","13","05","2021","13/05/2021","C. Lima","P. Santos","Registro fotográfico","Brasil","BR","Alagoas","Quebrangulo","Estação Ecológica de Pedra Talhada","-9.2561","-36.46979","3","Brejo de altitude"
"MN-0043339","Spinus yarrellii","(Audubon, 1839)","Fringillidae","Spinus","Pintassilgo-do-nordeste","24","02","2020","24","04","2020","24/02/2020","M. Andrade","L. Souza","Observação","Brasil","BR","Ceará","Quixadá","Serra do Estevão","-5.00438","-38.98804","","Caatinga / serra úmida"
"MN-0043045","Ramphastos tucanus","Linnaeus, 1758","Ramphastidae","Ramphastos","Tucano-grande-de-papo-branco","17","02","2022","17","05","2022","17/02/2022","J. Pereira","A. Maciel","Observação em campo","Brasil","BR","Mato Grosso","Novo Mundo","RPPN Cristalino","-9.60087","-55.92116","3","Floresta amazônica (sul)"
"MN-0043789","Paubrasilia echinata","(Lam.) Gagnon, H.C.Lima & G.P.Lewis","Fabaceae","Paubrasilia","Pau-brasil","14","10","2024","14","10","2024","14/10/2024","G. Nunes","A. Maciel","Espécime preservado","Brasil","BR","Bahia","Una","Reserva Biológica de Una","-15.12873","-39.09466","1","Floresta Atlântica"
"MN-0043395","Tangara cyanocephala","(Statius Müller, 1776)","Thraupidae","Tangara","Saíra-militar","12","03","2020","12","04","2020","2020/03/12","G. Nunes","B. Carvalho","Observação","Brasil","BR","São Paulo","São Miguel Arcanjo","Parque Estadual Carlos Botelho","-24.05615","-47.9664","3","Floresta Atlântica"
"MN-0042867","Caryocar brasiliense","Cambess.","Caryocaraceae","Caryocar","Pequi","04","07","2024","04","10","2024","04/07/2024","G. Nunes","R. Cunha","Espécime preservado","Brasil","BR","Goiás","Alto Paraíso de Goiás","Parque Nacional da Chapada dos Veadeiros","-14.15804","-47.51829","1","Cerrado sentido restrito"
"MN-0043323","Blastocerus dichotomus","(Illiger, 1815)","Cervidae","Blastocerus","Cervo-do-pantanal","04","07","2016","04","07","2016","04/07/2016","R. Cunha","B. Carvalho","Observação em campo","Brasil","BR","Mato Grosso","Poconé","Porto Jofre (Transpantaneira)","-17.32891","-56.78154","1","Planície de inundação do Pantanal"
"MN-0042966","Leontopithecus rosalia","(Linnaeus, 1766)","Callitrichidae","Leontopithecus","Mico-leão-dourado","15","05","2024","15","05","2024","15/05/2024","A. Maciel","D. Rocha","Observação","Brasil","BR","Rio de Janeiro","Silva Jardim","Reserva Biológica de Poço das Antas","-22.52066","-42.30218","1","Floresta Atlântica"
"MN-0042840","Phylloscartes ceciliae","Teixeira, 1987","Tyrannidae","Phylloscartes","Cara-pintada","20","07","2019","20","08","2019","20/07/2019","L. Souza","G. Nunes","Observação em campo","Brasil","BR","Alagoas","Murici","Estação Ecológica de Murici","-9.24109","-35.84757","1","Floresta Atlântica"
"MN-0043198","Rhea americana","(Linnaeus, 1758)","Rheidae","Rhea","Ema","05","05","2024","05","05","2024","05/05/2024","J. Pereira","P. Santos","Observação em campo","Brasil","BR","Goiás","Mineiros","Parque Nacional das Emas","-18.23983","-52.93852","1","Cerrado / campo limpo"
"MN-0042983","Bertholletia excelsa","Bonpl.","Lecythidaceae","Bertholletia","Castanheira-do-pará","01","07","2018","01","10","2018","01/07/2018","G. Nunes","B. Carvalho","Espécime preservado","Brasil","BR","Mato Grosso","Novo Mundo","RPPN Cristalino","-9.59791","-55.903","3","Floresta amazônica (sul)"
"MN-0043555","Psophia viridis","Spix, 1825","Psophiidae","Psophia","Jacamim-de-costas-verdes","09","03","2024","09","04","2024","09/03/2024","C. Lima","T. Almeida","Registro fotográfico","Brasil","BR","Mato Grosso","Novo Mundo","RPPN Cristalino","-9.60961","-55.92163","1","Floresta amazônica (sul)"
"MN-0043336","Penelope jacucaca","Spix, 1825","Cracidae","Penelope","Jacucaca","03","01","2017","03","03","2017","03/01/2017","F. Oliveira","A. Maciel","Observação em campo","BRASIL","BR","Pernambuco","Buíque","Parque Nacional do Catimbau","-8.5332","-37.29437","1","Caatinga arbórea"
"","Caiman yacare","(Daudin, 1802)","Alligatoridae","Caiman","Jacaré-do-pantanal","20","10","2023","20","10","2023","20/10/2023 02:11","T. Almeida","T. Almeida","Observação em campo","Brasil","BR","Mato Grosso do Sul","Miranda","RPPN Caiman","-19.99422","-56.31202","3","Planície de inundação do Pantanal"
"MN-0043085","Chrysocyon brachyurus","(Illiger, 1815)","Canidae","Chrysocyon","Lobo-guará","24","08","2022","24","03","2023","24/08/2022","T. Almeida","J. Pereira","Armadilha fotográfica","BRASIL","BR","Minas Gerais","São Roque de Minas","Parque Nacional da Serra da Canastra","-20.27474","-46.50215","","Campo rupestre / rio de planalto"
"MN-0043228","Sporophila albogularis","(Spix, 1825)","Thraupidae","Sporophila","Golinho","15","07","2021","15","07","2021","15/07/2021","G. Nunes","T. Almeida","Observação em campo","Brasil","BR","Bahia","Jeremoabo","Estação Ecológica Raso da Catarina","-9.59307","-38.5363","2","Caatinga arbórea"
"MN-0043090","Tapirus terrestris","(Linnaeus, 1758)","Tapiridae","Tapirus","Anta","17","10","2020","17","08","2021","17/10/2020","T. Almeida","B. Carvalho","Armadilha fotográfica","BRASIL","BR","Goiás","Mineiros","Parque Nacional das Emas","-18.3203","-52.87645","2","Cerrado / campo limpo"
"MN-0043786","Amazona pretrei","(Temminck, 1830)","Psittacidae","Amazona","Papagaio-charão","07","09","2019","07","09","2019","07/09/2019","F. Oliveira","M. Andrade","Observação em campo","Brasil","BR","Rio Grande do Sul","Carazinho","Floresta Nacional de Carazinho","-28.31594","-52.76479","2","Floresta com Araucária"
"MN-0043006","Brachyteles arachnoides","(É. Geoffroy, 1806)","Atelidae","Brachyteles","Muriqui-do-sul","06","11","2023","06","12","2023","06/11/2023","A. Maciel","L. Souza","Observação","Brasil","BR","São Paulo","São Miguel Arcanjo","Parque Estadual Carlos Botelho","-24.08546","-48.00749","6","Floresta Atlântica"
"MN-0043207","Tangara fastuosa","(Lesson, 1831)","Thraupidae","Tangara","Saíra-de-sete-cores","27","10","2018","27","01","2019","27/10/2018","P. Santos","D. Rocha","Coleta","Brasil","BR","Pernambuco","Tamandaré","Reserva Biológica de Saltinho","-8.77222","-35.19346","3","Floresta Atlântica"
"MN-0043439","Rhea americana","(Linnaeus, 1758)","Rheidae","Rhea","Ema","24","02","2024","24","05","2024","24/02/2024","C. Lima","P. Santos","Observação em campo","Brasil","BR","Minas Gerais","São Roque de Minas","Parque Nacional da Serra da Canastra","-20.31843","-46.54109","3","Campo rupestre / rio de planalto"
"MN-0043287","Glaucis dohrnii","(Bourcier & Mulsant, 1852)","Trochilidae","Glaucis","Rabo-branco-de-margarette","01","02","2017","01","04","2017","01/02/2017","R. Cunha","R. Cunha","Observação","Brasil","BR","Bahia","Una","Reserva Biológica de Una","-15.12934","-39.08954","1","Floresta Atlântica"
"MN-0043093","Penelope jacucaca","Spix, 1825","Cracidae","Penelope","Jacucaca","05","12","2019","05","02","2020","05/12/2019","G. Nunes","R. Cunha","Registro fotográfico","Brasil","BR","Bahia","Boa Nova","Parque Nacional de Boa Nova","-14.32593","-40.19516","3","Mata-de-cipó"
"MN-0043405","Phylloscartes ceciliae","Teixeira, 1987","Tyrannidae","Phylloscartes","Cara-pintada","03","12","2019","03","01","2020","03/12/2019","D. Rocha","P. Santos","Observação em campo","Brasil","BR","Alagoas","Murici","Estação Ecológica de Murici","-9.21714","-35.8695","1","Floresta Atlântica"
"MN-0043094","Procnias nudicollis","(Vieillot, 1817)","Cotingidae","Procnias","Araponga-do-nordeste","25","04","2023","25","06","2023","25/04/2023","J. Pereira","P. Santos","Observação em campo","Brasil","BR","São Paulo","São Miguel Arcanjo","Parque Estadual Carlos Botelho","-24.09383","-47.93937","1","Floresta Atlântica"
"MN-0043791","Rhea americana","(Linnaeus, 1758)","Rheidae","Rhea","Ema","26","11","2019","26","01","2020","26/11/2019","J. Pereira","A. Maciel","Observação","Brasil","BR","Goiás","Mineiros","Parque Nacional das Emas","-18.27422","-52.90764","1","Cerrado / campo limpo"
"MN-0043665","Penelope jacucaca","Spix, 1825","Cracidae","Penelope","Jacucaca","14","12","2017","14","01","2018","14/12/2017","B. Carvalho","D. Rocha","Observação em campo","Brasil","BR","Bahia","Jeremoabo","Estação Ecológica Raso da Catarina","-9.59703","-38.45847","2","Caatinga arbórea"
"MN-0042915","Caiman yacare","(Daudin, 1802)","Alligatoridae","Caiman","Jacaré-do-pantanal","27","12","2016","27","03","2017","27/12/2016","L. Souza","L. Souza","Registro fotográfico","Brasil","BR","Mato Grosso do Sul","Miranda","RPPN Caiman","-19.9256","-56.3351","5","Planície de inundação do Pantanal"
"MN-0043737","Brachyteles arachnoides","(É. Geoffroy, 1806)","Atelidae","Brachyteles","Muriqui-do-sul","02","06","2020","02","08","2020","02/06/2020","M. Andrade","C. Lima","Observação em campo","Brasil","BR","São Paulo","São Miguel Arcanjo","Parque Estadual Carlos Botelho","-24.07159","-47.9605","2","Floresta Atlântica"
"MN-0043826","Panthera onca","(Linnaeus, 1758)","Felidae","Panthera","Onça-pintada","11","03","2015","11","09","2015","11/03/2015","A. Maciel","F. Oliveira","Armadilha fotográfica","Brasil","BR","Mato Grosso do Sul","Miranda","RPPN Caiman","-19.94327","-56.33995","2","Planície de inundação do Pantanal"
"MN-0043874","Myrmecophaga tridactyla","Linnaeus, 1758","Myrmecophagidae","Myrmecophaga","Tamanduá-bandeira","27","10","2019","27","11","2020","27/10/2019","R. Cunha","G. Nunes","Armadilha fotográfica","Brasil","BR","Goiás","Mineiros","Parque Nacional das Emas","-18.31205","-52.92818","","Cerrado / campo limpo"
"MN-0042975","Tangara cyanocephala","(Statius Müller, 1776)","Thraupidae","Tangara","Saíra-militar","27","08","2024","27","08","2024","27/08/2024","P. Santos","G. Nunes","Registro fotográfico","Brasil","BR","São Paulo","São Miguel Arcanjo","Parque Estadual Carlos Botelho","-24.05537","-48.01196","1","Floresta Atlântica"
"MN-0043328","Brachyteles arachnoides","(É. Geoffroy, 1806)","Atelidae","Brachyteles","Muriqui-do-sul","28","01","2020","28","04","2020","28/01/2020","A. Maciel","M. Andrade","Registro fotográfico","Brasil","BR","Rio de Janeiro","Itatiaia","Parque Nacional do Itatiaia","-22.42278","-44.61437","1","Floresta Atlântica montana"
"MN-0042923","Pteronura brasiliensis","(Zimmermann, 1780)","Mustelidae","Pteronura","Ariranha","08","11","2023","08","11","2023","08/11/2023","B. Carvalho","J. Pereira","Registro fotográfico","Brasil","BR","Mato Grosso","Novo Mundo","RPPN Cristalino","-9.5972","-55.94453","","Floresta amazônica (sul)"
"","Chrysocyon brachyurus","(Illiger, 1815)","Canidae","Chrysocyon","Lobo-guará","14","01","2019","14","03","2020","2019/01/14","D. Rocha","A. Maciel","Armadilha fotográfica","Brasil","BR","Minas Gerais","São Roque de Minas","Parque Nacional da Serra da Canastra","-20.34111","-46.48302","3","Campo rupestre / rio de planalto"
"MN-0043828","Anodorhynchus leari","Bonaparte, 1856","Psittacidae","Anodorhynchus","Arara-azul-de-lear","01","03","2024","01","04","2024","01/03/2024","L. Souza","G. Nunes","Observação","Brasil","BR","Bahia","Jeremoabo","Estação Ecológica Raso da Catarina","-9.64012","-38.5206","3","Caatinga arbórea"
"MN-0043492","Tangara fastuosa","(Lesson, 1831)","Thraupidae","Tangara","Saíra-de-sete-cores","26","05","2019","26","05","2019","26/05/2019","P. Santos","P. Santos","Registro fotográfico","Brasil","BR","Alagoas","Quebrangulo","Estação Ecológica de Pedra Talhada","-9.25567","-36.4168","1","Brejo de altitude"
"MN-0043574","Cereus jamacaru","DC.","Cactaceae","Cereus","Mandacaru","17","11","2024","17","11","2024","17/11/2024","M. Andrade","D. Rocha","Material preservado (herbário)","Brasil","BR","Pernambuco","Buíque","Parque Nacional do Catimbau","-8.52371","-37.25598","1","Caatinga arbórea"
"MN-0042896","Caiman yacare","(Daudin, 1802)","Alligatoridae","Caiman","Jacaré-do-pantanal","09","03","2016","09","04","2016","09/03/2016","G. Nunes","L. Souza","Observação","BRASIL","BR","Mato Grosso do Sul","Miranda","RPPN Caiman","-19.94401","-56.26359","4","Planície de inundação do Pantanal"
"MN-0042894","Tangara cyanocephala","(Statius Müller, 1776)","Thraupidae","Tangara","Saíra-militar","13","02","2019","13","02","2019","13/02/2019","G. Nunes","G. Nunes","Observação","Brasil","BR","São Paulo","São Miguel Arcanjo","Parque Estadual Carlos Botelho","-24.07178","-47.99571","","Floresta Atlântica"
"MN-0043128","Sporophila albogularis","(Spix, 1825)","Thraupidae","Sporophila","Golinho","09","09","2017","09","09","2017","09/09/2017","M. Andrade","R. Cunha","Observação em campo","BRASIL","BR","Bahia","Jeremoabo","Estação Ecológica Raso da Catarina","-9.64057","-38.51533","1","Caatinga arbórea"
"MN-0042976","Brachyteles arachnoides","(É. Geoffroy, 1806)","Atelidae","Brachyteles","Muriqui-do-sul","01","08","2019","01","10","2019","01/08/2019","G. Nunes","M. Andrade","Registro fotográfico","Brasil","BR","São Paulo","São Miguel Arcanjo","Parque Estadual Carlos Botelho","-24.07658","-47.9562","3","Floresta Atlântica"
"MN-0043309","Euterpe edulis","Mart.","Arecaceae","Euterpe","Palmito-juçara","25","12","2021","25","03","2022","25/12/2021","D. Rocha","A. Maciel","Material preservado (herbário)","Brasil","BR","Rio de Janeiro","Itatiaia","Parque Nacional do Itatiaia","-22.41224","-44.64103","1","Floresta Atlântica montana"
"MN-0042861","Crax blumenbachii","Spix, 1825","Cracidae","Crax","Mutum-do-sudeste","03","08","2024","03","09","2024","03/08/2024","D. Rocha","F. Oliveira","Registro fotográfico","Brasil","BR","Espírito Santo","Linhares","Reserva Natural Vale","-19.13895","-40.10333","6","Floresta de tabuleiro"
"MN-0043781","Mergus octosetaceus","Vieillot, 1817","Anatidae","Mergus","Pato-mergulhão","07","09","2022","07","11","2022","07/09/2022","A. Maciel","F. Oliveira","Observação em campo","Brasil","BR","Minas Gerais","São Roque de Minas","Parque Nacional da Serra da Canastra","-20.26761","-46.56369","1","Campo rupestre / rio de planalto"
"MN-0043474","Ramphastos tucanus","Linnaeus, 1758","Ramphastidae","Ramphastos","Tucano-grande-de-papo-branco","05","10","2016","05","11","2016","05/10/2016","T. Almeida","L. Souza","Registro fotográfico","Brasil","BR","Amazonas","Manaus","Reserva Florestal Adolpho Ducke","-2.92032","-59.92768","5","Floresta de terra firme"
"MN-0043496","Leontopithecus rosalia","(Linnaeus, 1766)","Callitrichidae","Leontopithecus","Mico-leão-dourado","19","11","2018","19","01","2019","19/11/2018","D. Rocha","P. Santos","Observação","Brasil","BR","Rio de Janeiro","Silva Jardim","Reserva Biológica de Poço das Antas","-22.52549","-42.24854","1","Floresta Atlântica"
"MN-0043203","Mergus octosetaceus","Vieillot, 1817","Anatidae","Mergus","Pato-mergulhão","20","01","2017","20","01","2017","20/01/2017","M. Andrade","A. Maciel","Observação em campo","Brasil","BR","Minas Gerais","São Roque de Minas","Parque Nacional da Serra da Canastra","-20.31176","-46.49963","3","Campo rupestre / rio de planalto"
"MN-0043109","Dipteryx alata","Vogel","Fabaceae","Dipteryx","Baru","15","01","2021","15","02","2021","15/01/2021","A. Maciel","M. Andrade","Coleta","Brasil","BR","Goiás","Mineiros","Parque Nacional das Emas","-18.27097","-52.94599","","Cerrado / campo limpo"
"MN-0043122","Mycteria americana","Linnaeus, 1758","Ciconiidae","Mycteria","Cabeça-seca","10","12","2016","10","02","2017","2016/12/10","C. Lima","G. Nunes","Observação","Brasil","BR","Mato Grosso do Sul","Corumbá","Estrada Parque Pantanal","-19.04094","-57.64832","2","Planície de inundação do Pantanal"
"MN-0043493","Brachyteles arachnoides","(É. Geoffroy, 1806)","Atelidae","Brachyteles","Muriqui-do-sul","09","07","2018","09","07","2018","09/07/2018","A. Maciel","G. Nunes","Observação em campo","Brasil","BR","Rio de Janeiro","Itatiaia","Parque Nacional do Itatiaia","-22.48864","-44.57536","","Floresta Atlântica montana"
"MN-0043466","Pteronura brasiliensis","(Zimmermann, 1780)","Mustelidae","Pteronura","Ariranha","21","11","2017","21","02","2018","21/11/2017","F. Oliveira","M. Andrade","Observação em campo","Brasil","BR","Mato Grosso","Novo Mundo","RPPN Cristalino","-9.59359","-55.90719","","Floresta amazônica (sul)"
"MN-0043409","Prosopis affinis","Spreng.","Fabaceae","Prosopis","Inhanduvá","01","05","2015","01","08","2015","01/05/2015 07:46","T. Almeida","F. Oliveira","Espécime preservado","Brasil","BR","Rio Grande do Sul","Barra do Quaraí","Parque Estadual do Espinilho","-30.16702","-57.53899","5","Savana-estépica (Pampa)"
"MN-0043041","Pteronura brasiliensis","(Zimmermann, 1780)","Mustelidae","Pteronura","Ariranha","22","12","2017","22","02","2018","22/12/2017","M. Andrade","J. Pereira","Observação","Brasil","BR","Mato Grosso","Poconé","Porto Jofre (Transpantaneira)","-17.32566","-56.79437","4","Planície de inundação do Pantanal"
"MN-0043052","Phylloscartes ceciliae","Teixeira, 1987","Tyrannidae","Phylloscartes","Cara-pintada","09","04","2020","09","05","2020","09/04/2020","L. Souza","F. Oliveira","Registro fotográfico","Brasil","BR","Alagoas","Murici","Estação Ecológica de Murici","-9.19164","-35.85878","3","Floresta Atlântica"
"MN-0043690","Tangara cyanocephala","(Statius Müller, 1776)","Thraupidae","Tangara","Saíra-militar","05","04","2017","05","06","2017","05/04/2017","C. Lima","M. Andrade","Coleta","Brasil","BR","São Paulo","São Miguel Arcanjo","Parque Estadual Carlos Botelho","-24.07562","-47.95821","2","Floresta Atlântica"
"MN-0043598","Myrmecophaga tridactyla","Linnaeus, 1758","Myrmecophagidae","Myrmecophaga","Tamanduá-bandeira","18","10","2020","18","08","2021","18/10/2020","J. Pereira","B. Carvalho","Registro fotográfico","Brasil","BR","Goiás","Alto Paraíso de Goiás","Parque Nacional da Chapada dos Veadeiros","-14.11493","-47.5508","1","Cerrado sentido restrito"
"MN-0042948","Swietenia macrophylla","King","Meliaceae","Swietenia","Mogno","","04","2021","","07","2021","04/2021","J. Pereira","A. Maciel","Espécime preservado","Brasil","BR","Mato Grosso","Novo Mundo","RPPN Cristalino","-9.55762","-55.93209","2","Floresta amazônica (sul)"
"MN-0043419","Leontopithecus rosalia","(Linnaeus, 1766)","Callitrichidae","Leontopithecus","Mico-leão-dourado","28","11","2016","28","11","2016","28/11/2016","L. Souza","J. Pereira","Registro fotográfico","Brasil","BR","Rio de Janeiro","Silva Jardim","Reserva Biológica de Poço das Antas","-22.51098","-42.25895","2","Floresta Atlântica"
"MN-0043117","Tangara cyanocephala","(Statius Müller, 1776)","Thraupidae","Tangara","Saíra-militar","28","07","2018","28","07","2018","28/07/2018 05:54","F. Oliveira","T. Almeida","Registro fotográfico","Brasil","BR","Pernambuco","Tamandaré","Reserva Biológica de Saltinho","-8.69518","-35.12688","2","Floresta Atlântica"
"MN-0043000","Procnias nudicollis","(Vieillot, 1817)","Cotingidae","Procnias","Araponga-do-nordeste","14","05","2015","14","05","2015","14/05/2015","A. Maciel","L. Souza","Observação","Brasil","BR","São Paulo","São Miguel Arcanjo","Parque Estadual Carlos Botelho","-24.07687","-47.98097","1","Floresta Atlântica"
"MN-0043043","Prosopis affinis","Spreng.","Fabaceae","Prosopis","Inhanduvá","23","07","2015","23","10","2015","23/07/2015","A. Maciel","L. Souza","Espécime preservado","Brasil","BR","Rio Grande do Sul","Barra do Quaraí","Parque Estadual do Espinilho","-30.21353","-57.50852","","Savana-estépica (Pampa)"
"MN-0043137","Phylloscartes ceciliae","Teixeira, 1987","Tyrannidae","Phylloscartes","Cara-pintada","25","05","2022","25","05","2022","25/05/2022","M. Andrade","T. Almeida","Observação em campo","Brasil","BR","Alagoas","Murici","Estação Ecológica de Murici","-9.23057","-35.85001","4","Floresta Atlântica"
"MN-0043083","Brachyteles arachnoides","(É. Geoffroy, 1806)","Atelidae","Brachyteles","Muriqui-do-sul","15","04","2024","15","04","2024","15/04/2024","A. Maciel","R. Cunha","Observação","Brasil","BR","São Paulo","São Miguel Arcanjo","Parque Estadual Carlos Botelho","-24.03658","-47.9562","3","Floresta Atlântica"
"MN-0043367","Procnias nudicollis","(Vieillot, 1817)","Cotingidae","Procnias","Araponga-do-nordeste","01","06","2023","01","06","2023","01/06/2023","D. Rocha","D. Rocha","Observação","Brasil","BR","São Paulo","São Miguel Arcanjo","Parque Estadual Carlos Botelho","-24.03078","-47.95253","1","Floresta Atlântica"
"DEMO-NAME-01","Caesalpinia echinata","Lam.","Fabaceae","Caesalpinia","Pau-brasil","15","09","2018","15","12","2018","15/09/2018","G. Nunes","A. Maciel","Material preservado (herbário)","Brasil","BR","Espírito Santo","Linhares","Reserva Natural Vale","-19.15","-40.07","","Floresta de tabuleiro"
"MN-0043488","Tapirus terrestris","(Linnaeus, 1758)","Tapiridae","Tapirus","Anta","28","11","2018","28","03","2020","28/11/2018","J. Pereira","M. Andrade","Observação","Brasil","BR","Mato Grosso","Novo Mundo","RPPN Cristalino","-9.61028","-55.96848","","Floresta amazônica (sul)"
"MN-0042969","Procnias nudicollis","(Vieillot, 1817)","Cotingidae","Procnias","Araponga-do-nordeste","07","05","2019","07","07","2019","07/05/2019","J. Pereira","G. Nunes","Registro fotográfico","","BR","Pernambuco","Tamandaré","Reserva Biológica de Saltinho","-8.70114","-35.15777","2","Floresta Atlântica"
"MN-0043213","Euterpe edulis","Mart.","Arecaceae","Euterpe","Palmito-juçara","04","08","2019","04","08","2019","04/08/2019","B. Carvalho","M. Andrade","Material preservado (herbário)","Brasil","BR","São Paulo","São Miguel Arcanjo","Parque Estadual Carlos Botelho","-24.07133","-47.94394","1","Floresta Atlântica"
"MN-0043348","Glaucis dohrnii","(Bourcier & Mulsant, 1852)","Trochilidae","Glaucis","Rabo-branco-de-margarette","14","01","2017","14","01","2017","2017/01/14","B. Carvalho","A. Maciel","Observação em campo","Brasil","BR","Bahia","Una","Reserva Biológica de Una","-15.15153","-39.11059","4","Floresta Atlântica"
"MN-0042959","Tangara fastuosa","(Lesson, 1831)","Thraupidae","Tangara","Saíra-de-sete-cores","07","03","2022","07","04","2022","07/03/2022","D. Rocha","J. Pereira","Espécime preservado","Brasil","BR","Alagoas","Quebrangulo","Estação Ecológica de Pedra Talhada","-9.21598","-36.46482","4","Brejo de altitude"
"MN-0042951","Victoria amazonica","(Poepp.) J.C.Sowerby","Nymphaeaceae","Victoria","Vitória-régia","19","09","2022","19","09","2022","19/09/2022","D. Rocha","T. Almeida","Material preservado (herbário)","Brasil","BR","Amazonas","Tefé","RDS Mamirauá","-3.10121","-64.75572","1","Várzea amazônica"
"MN-0043044","Procnias nudicollis","(Vieillot, 1817)","Cotingidae","Procnias","Araponga-do-nordeste","","11","2015","","12","2015","11/2015","D. Rocha","G. Nunes","Observação","Brasil","BR","São Paulo","São Miguel Arcanjo","Parque Estadual Carlos Botelho","-24.042","-47.95917","3","Floresta Atlântica"
"MN-0043566","Spinus yarrellii","(Audubon, 1839)","Fringillidae","Spinus","Pintassilgo-do-nordeste","15","02","2022","15","05","2022","15/02/2022","J. Pereira","B. Carvalho","Observação em campo","Brasil","BR","Bahia","Boa Nova","Parque Nacional de Boa Nova","-14.36727","-40.25062","4","Mata-de-cipó"
"","Swietenia macrophylla","King","Meliaceae","Swietenia","Mogno","12","01","2017","12","01","2017","12/01/2017","R. Cunha","D. Rocha","Coleta","Brasil","BR","Mato Grosso","Novo Mundo","RPPN Cristalino","-9.62106","-55.90263","6","Floresta amazônica (sul)"
"MN-0043645","Tangara cyanocephala","(Statius Müller, 1776)","Thraupidae","Tangara","Saíra-militar","17","06","2024","17","06","2024","17/06/2024","A. Maciel","A. Maciel","Observação","Brasil","BR","Alagoas","Quebrangulo","Estação Ecológica de Pedra Talhada","-9.2202","-36.41139","2","Brejo de altitude"
"MN-0043369","Ramphastos tucanus","Linnaeus, 1758","Ramphastidae","Ramphastos","Tucano-grande-de-papo-branco","02","10","2020","02","10","2020","02/10/2020","G. Nunes","B. Carvalho","Observação em campo","Brasil","BR","Amazonas","Manaus","Reserva Florestal Adolpho Ducke","-2.97366","-60.00913","1","Floresta de terra firme"
"MN-0043567","Sturnella superciliaris","(Bonaparte, 1850)","Icteridae","Sturnella","Polícia-inglesa-do-sul","18","05","2016","18","05","2016","18/05/2016","P. Santos","G. Nunes","Observação","Brasil","BR","Rio Grande do Sul","Santa Maria","Morro da Caturrita","-29.68317","-53.78714","1","Campos do Pampa"
"MN-0043431","Penelope jacucaca","Spix, 1825","Cracidae","Penelope","Jacucaca","27","08","2024","27","08","2024","27/08/2024","A. Maciel","A. Maciel","Observação","Brasil","BR","Bahia","Jeremoabo","Estação Ecológica Raso da Catarina","-9.66333","-38.48136","2","Caatinga arbórea"
"MN-0043731","Swietenia macrophylla","King","Meliaceae","Swietenia","Mogno","24","12","2020","24","01","2021","24/12/2020","P. Santos","R. Cunha","Material preservado (herbário)","Brasil","BR","Mato Grosso","Novo Mundo","RPPN Cristalino","-9.60024","-55.96467","1","Floresta amazônica (sul)"
"MN-0043308","Crax blumenbachii","Spix, 1825","Cracidae","Crax","Mutum-do-sudeste","03","02","2021","03","02","2021","03/02/2021","A. Maciel","G. Nunes","Observação em campo","Brasil","BR","Espírito Santo","Linhares","Reserva Natural Vale","-19.19391","-40.067","","Floresta de tabuleiro"
"MN-0043879","Blastocerus dichotomus","(Illiger, 1815)","Cervidae","Blastocerus","Cervo-do-pantanal","02","09","2020","02","09","2020","02/09/2020","D. Rocha","F. Oliveira","Observação","Brasil","BR","Mato Grosso","Poconé","Porto Jofre (Transpantaneira)","-17.3544","-56.7294","2","Planície de inundação do Pantanal"
"MN-0043787","Ramphastos tucanus","Linnaeus, 1758","Ramphastidae","Ramphastos","Tucano-grande-de-papo-branco","02","08","2021","02","11","2021","02/08/2021","B. Carvalho","F. Oliveira","Observação em campo","Brasil","BR","Mato Grosso","Novo Mundo","RPPN Cristalino","-9.574","-55.95991","2","Floresta amazônica (sul)"
"MN-0043799","Tangara cyanocephala","(Statius Müller, 1776)","Thraupidae","Tangara","Saíra-militar","02","10","2020","02","11","2020","02/10/2020","L. Souza","L. Souza","Espécime preservado","Brasil","BR","São Paulo","São Miguel Arcanjo","Parque Estadual Carlos Botelho","-24.06102","-48.0102","","Floresta Atlântica"
"MN-0043437","Procnias nudicollis","(Vieillot, 1817)","Cotingidae","Procnias","Araponga-do-nordeste","","07","2016","","07","2016","07/2016","D. Rocha","T. Almeida","Observação","Brasil","BR","São Paulo","São Miguel Arcanjo","Parque Estadual Carlos Botelho","-24.06959","-48.01183","4","Floresta Atlântica"
"MN-0043217","Tangara fastuosa","(Lesson, 1831)","Thraupidae","Tangara","Saíra-de-sete-cores","12","11","2019","12","12","2019","12/11/2019","T. Almeida","C. Lima","Observação em campo","Brasil","BR","Alagoas","Quebrangulo","Estação Ecológica de Pedra Talhada","-9.26141","-36.44551","3","Brejo de altitude"
"MN-0043291","Pteronura brasiliensis","(Zimmermann, 1780)","Mustelidae","Pteronura","Ariranha","25","12","2016","25","12","2016","25/12/2016","B. Carvalho","C. Lima","Registro fotográfico","Brasil","BR","Mato Grosso","Novo Mundo","RPPN Cristalino","-9.64435","-55.94478","2","Floresta amazônica (sul)"
"MN-0043074","Sporophila albogularis","(Spix, 1825)","Thraupidae","Sporophila","Golinho","23","07","2021","23","07","2021","23/07/2021","D. Rocha","J. Pereira","Observação","BRASIL","BR","Bahia","Jeremoabo","Estação Ecológica Raso da Catarina","-9.63817","-38.53249","5","Caatinga arbórea"
"MN-0043370","Psophia viridis","Spix, 1825","Psophiidae","Psophia","Jacamim-de-costas-verdes","14","05","2022","14","07","2022","14/05/2022","F. Oliveira","B. Carvalho","Registro fotográfico","Brasil","BR","Mato Grosso","Novo Mundo","RPPN Cristalino","-9.57807","-55.93823","2","Floresta amazônica (sul)"
"MN-0043177","Tapirus terrestris","(Linnaeus, 1758)","Tapiridae","Tapirus","Anta","27","12","2023","27","03","2024","27/12/2023","P. Santos","J. Pereira","Armadilha fotográfica","Brasil","BR","Mato Grosso","Novo Mundo","RPPN Cristalino","-9.60657","-55.93851","1","Floresta amazônica (sul)"
"MN-0042877","Caiman yacare","(Daudin, 1802)","Alligatoridae","Caiman","Jacaré-do-pantanal","19","02","2016","19","02","2016","19/02/2016","P. Santos","G. Nunes","Observação em campo","Brasil","BR","Mato Grosso do Sul","Corumbá","Estrada Parque Pantanal","-18.99103","-57.62253","1","Planície de inundação do Pantanal"
"MN-0043345","Spinus yarrellii","(Audubon, 1839)","Fringillidae","Spinus","Pintassilgo-do-nordeste","15","12","2023","15","02","2024","15/12/2023","A. Maciel","G. Nunes","Registro fotográfico","Brasil","BR","Bahia","Boa Nova","Parque Nacional de Boa Nova","-14.35235","-40.25012","5","Mata-de-cipó"
"MN-0043743","Glaucis dohrnii","(Bourcier & Mulsant, 1852)","Trochilidae","Glaucis","Rabo-branco-de-margarette","26","07","2019","26","08","2019","26/07/2019","L. Souza","A. Maciel","Registro fotográfico","Brasil","BR","Bahia","Una","Reserva Biológica de Una","-15.15005","-39.02649","5","Floresta Atlântica"
"MN-0043869","Chrysocyon brachyurus","(Illiger, 1815)","Canidae","Chrysocyon","Lobo-guará","23","01","2023","23","09","2023","23/01/2023","T. Almeida","F. Oliveira","Observação","Brasil","BR","Goiás","Mineiros","Parque Nacional das Emas","-18.25105","-52.91709","4","Cerrado / campo limpo"
"MN-0043341","Sporophila albogularis","(Spix, 1825)","Thraupidae","Sporophila","Golinho","09","06","2018","09","06","2018","09/06/2018","D. Rocha","B. Carvalho","Espécime preservado","Brasil","BR","Pernambuco","Buíque","Parque Nacional do Catimbau","-8.49752","-37.20853","2","Caatinga arbórea"
"MN-0042990","Anodorhynchus leari","Bonaparte, 1856","Psittacidae","Anodorhynchus","Arara-azul-de-lear","09","03","2018","09","03","2018","09/03/2018","M. Andrade","D. Rocha","Observação","Brasil","BR","Bahia","Jeremoabo","Estação Ecológica Raso da Catarina","-9.65044","-38.52806","6","Caatinga arbórea"
"MN-0043399","Spinus yarrellii","(Audubon, 1839)","Fringillidae","Spinus","Pintassilgo-do-nordeste","15","05","2017","15","06","2017","15/05/2017","T. Almeida","A. Maciel","Observação","Brasil","BR","Bahia","Boa Nova","Parque Nacional de Boa Nova","-14.32451","-40.18997","1","Mata-de-cipó"
"MN-0043054","Tangara fastuosa","(Lesson, 1831)","Thraupidae","Tangara","Saíra-de-sete-cores","16","10","2021","16","11","2021","16/10/2021","F. Oliveira","F. Oliveira","Observação","Brasil","BR","Pernambuco","Tamandaré","Reserva Biológica de Saltinho","-8.69851","-35.13969","","Floresta Atlântica"
"MN-0043790","Caryocar brasiliense","Cambess.","Caryocaraceae","Caryocar","Pequi","21","08","2021","21","11","2021","21/08/2021","G. Nunes","F. Oliveira","Material preservado (herbário)","Brasil","BR","Goiás","Alto Paraíso de Goiás","Parque Nacional da Chapada dos Veadeiros","-14.15618","-47.53715","2","Cerrado sentido restrito"
"MN-0043572","Brachyteles arachnoides","(É. Geoffroy, 1806)","Atelidae","Brachyteles","Muriqui-do-sul","09","05","2019","09","06","2019","09/05/2019","C. Lima","A. Maciel","Observação","Brasil","BR","Rio de Janeiro","Itatiaia","Parque Nacional do Itatiaia","-22.49175","-44.58703","3","Floresta Atlântica montana"
"MN-0043276","Blastocerus dichotomus","(Illiger, 1815)","Cervidae","Blastocerus","Cervo-do-pantanal","21","09","2017","21","12","2017","21/09/2017","A. Maciel","P. Santos","Observação em campo","Brasil","BR","Mato Grosso","Poconé","Porto Jofre (Transpantaneira)","-17.31825","-56.79378","2","Planície de inundação do Pantanal"
"MN-0043031","Paroaria dominicana","(Linnaeus, 1758)","Thraupidae","Paroaria","Cardeal-do-nordeste","03","01","2023","03","01","2023","03/01/2023","J. Pereira","T. Almeida","Coleta","Brasil","BR","Pernambuco","Buíque","Parque Nacional do Catimbau","-8.49434","-37.26962","2","Caatinga arbórea"
"MN-0043835","Anodorhynchus hyacinthinus","(Latham, 1790)","Psittacidae","Anodorhynchus","Arara-azul-grande","01","02","2016","01","04","2016","01/02/2016","L. Souza","D. Rocha","Observação","Brasil","BR","Mato Grosso do Sul","Corumbá","Estrada Parque Pantanal","-19.00167","-57.65747","1","Planície de inundação do Pantanal"
"","Ramphastos tucanus","Linnaeus, 1758","Ramphastidae","Ramphastos","Tucano-grande-de-papo-branco","19","04","2016","19","04","2016","19/04/2016 10:58","A. Maciel","G. Nunes","Observação em campo","Brasil","BR","Pará","Melgaço","Floresta Nacional de Caxiuanã","-1.77083","-51.47247","6","Floresta de terra firme"
"MN-0043386","Caiman yacare","(Daudin, 1802)","Alligatoridae","Caiman","Jacaré-do-pantanal","09","11","2021","09","12","2021","09/11/2021","L. Souza","L. Souza","Registro fotográfico","Brasil","BR","Mato Grosso do Sul","Corumbá","Estrada Parque Pantanal","-19.03268","-57.64753","","Planície de inundação do Pantanal"
"MN-0043221","Anodorhynchus leari","Bonaparte, 1856","Psittacidae","Anodorhynchus","Arara-azul-de-lear","24","09","2019","24","10","2019","2019/09/24","F. Oliveira","A. Maciel","Registro fotográfico","Brasil","BR","Bahia","Canudos","ARIE Serra Branca","-9.9034","-38.96415","4","Caatinga arbórea"
"MN-0042908","Antilophia galeata","(Lichtenstein, 1823)","Pipridae","Antilophia","Soldadinho","12","03","2019","12","04","2019","12/03/2019","L. Souza","B. Carvalho","Observação","Brasil","BR","Distrito Federal","Brasília","Estação Ecológica de Águas Emendadas","-15.52908","-47.58416","4","Cerrado / vereda"
"MN-0042821","Prosopis affinis","Spreng.","Fabaceae","Prosopis","Inhanduvá","10","05","2022","10","05","2022","10/05/2022","L. Souza","A. Maciel","Coleta","Brasil","BR","Rio Grande do Sul","Barra do Quaraí","Parque Estadual do Espinilho","-30.15492","-57.58975","5","Savana-estépica (Pampa)"
"","Caryocar brasiliense","Cambess.","Caryocaraceae","Caryocar","Pequi","11","10","2016","11","10","2016","11/10/2016","D. Rocha","J. Pereira","Material preservado (herbário)","Brasil","BR","Distrito Federal","Brasília","Estação Ecológica de Águas Emendadas","-15.55425","-47.58987","2","Cerrado / vereda"
"MN-0043717","Inia geoffrensis","(Blainville, 1817)","Iniidae","Inia","Boto-cor-de-rosa","19","08","2020","19","08","2020","19/08/2020","R. Cunha","T. Almeida","Registro fotográfico","Brasil","BR","Amazonas","Tefé","RDS Mamirauá","-3.07171","-64.82229","2","Várzea amazônica"
"MN-0043253","Tangara cyanocephala","(Statius Müller, 1776)","Thraupidae","Tangara","Saíra-militar","23","07","2015","23","10","2015","23/07/2015","D. Rocha","R. Cunha","Coleta","Brasil","BR","São Paulo","São Miguel Arcanjo","Parque Estadual Carlos Botelho","-24.10449","-47.97062","1","Floresta Atlântica"
"MN-0043115","Caryocar brasiliense","Cambess.","Caryocaraceae","Caryocar","Pequi","13","03","2020","13","05","2020","13/03/2020","R. Cunha","P. Santos","Material preservado (herbário)","Brasil","BR","Goiás","Mineiros","Parque Nacional das Emas","-18.2617","-52.96221","1","Cerrado / campo limpo"
"MN-0043838","Glaucis dohrnii","(Bourcier & Mulsant, 1852)","Trochilidae","Glaucis","Rabo-branco-de-margarette","","12","2020","","12","2020","12/2020","D. Rocha","T. Almeida","Registro fotográfico","Brasil","BR","Bahia","Una","Reserva Biológica de Una","-15.18341","-39.03928","2","Floresta Atlântica"
"MN-0042973","Amazona pretrei","(Temminck, 1830)","Psittacidae","Amazona","Papagaio-charão","03","04","2017","03","05","2017","03/04/2017","A. Maciel","B. Carvalho","Observação","Brasil","BR","Rio Grande do Sul","Carazinho","Floresta Nacional de Carazinho","-28.32743","-52.82553","1","Floresta com Araucária"
"MN-0043212","Ateles paniscus","(Linnaeus, 1758)","Atelidae","Ateles","Macaco-aranha-de-cara-vermelha","14","06","2023","14","06","2023","14/06/2023","J. Pereira","A. Maciel","Registro fotográfico","Brasil","BR","Pará","Melgaço","Floresta Nacional de Caxiuanã","-1.77868","-51.45886","3","Floresta de terra firme"
"MN-0043761","Penelope jacucaca","Spix, 1825","Cracidae","Penelope","Jacucaca","05","08","2024","05","10","2024","05/08/2024","M. Andrade","C. Lima","Observação em campo","Brasil","BR","Bahia","Boa Nova","Parque Nacional de Boa Nova","-14.35875","-40.25085","1","Mata-de-cipó"
"MN-0043561","Victoria amazonica","(Poepp.) J.C.Sowerby","Nymphaeaceae","Victoria","Vitória-régia","13","11","2021","13","11","2021","13/11/2021","D. Rocha","R. Cunha","Espécime preservado","Brasil","BR","Amazonas","Tefé","RDS Mamirauá","-3.13769","-64.81688","1","Várzea amazônica"
"","Mergus octosetaceus","Vieillot, 1817","Anatidae","Mergus","Pato-mergulhão","22","03","2019","22","05","2019","22/03/2019","J. Pereira","J. Pereira","Registro fotográfico","Brasil","BR","Minas Gerais","São Roque de Minas","Parque Nacional da Serra da Canastra","-20.25648","-46.4882","","Campo rupestre / rio de planalto"
"MN-0043460","Rhea americana","(Linnaeus, 1758)","Rheidae","Rhea","Ema","06","11","2016","06","11","2016","06/11/2016","P. Santos","C. Lima","Registro fotográfico","Brasil","BR","Minas Gerais","São Roque de Minas","Parque Nacional da Serra da Canastra","-20.30027","-46.47557","4","Campo rupestre / rio de planalto"
"MN-0043881","Paroaria dominicana","(Linnaeus, 1758)","Thraupidae","Paroaria","Cardeal-do-nordeste","09","02","2015","09","03","2015","09/02/2015","B. Carvalho","A. Maciel","Espécime preservado","Brasil","BR","Bahia","Jeremoabo","Estação Ecológica Raso da Catarina","-9.64003","-38.51092","2","Caatinga arbórea"
"MN-0043822","Euterpe edulis","Mart.","Arecaceae","Euterpe","Palmito-juçara","09","09","2019","09","10","2019","09/09/2019","A. Maciel","J. Pereira","Material preservado (herbário)","Brasil","BR","São Paulo","São Miguel Arcanjo","Parque Estadual Carlos Botelho","-24.0434","-48.01776","1","Floresta Atlântica"
"MN-0043047","Panthera onca","(Linnaeus, 1758)","Felidae","Panthera","Onça-pintada","17","04","2024","17","11","2024","17/04/2024","F. Oliveira","R. Cunha","Armadilha fotográfica","Brasil","BR","Mato Grosso do Sul","Miranda","RPPN Caiman","-19.96992","-56.32292","3","Planície de inundação do Pantanal"
"MN-0043534","Sturnella superciliaris","(Bonaparte, 1850)","Icteridae","Sturnella","Polícia-inglesa-do-sul","22","04","2022","22","04","2022","22/04/2022","F. Oliveira","B. Carvalho","Observação em campo","Brasil","BR","Rio Grande do Sul","Aceguá","Coxilhas de Aceguá","-31.61316","-54.16527","2","Campos do Pampa"
"MN-0043267","Paroaria dominicana","(Linnaeus, 1758)","Thraupidae","Paroaria","Cardeal-do-nordeste","07","07","2016","07","08","2016","07/07/2016","P. Santos","D. Rocha","Observação em campo","Brasil","BR","Pernambuco","Buíque","Parque Nacional do Catimbau","-8.49672","-37.2639","2","Caatinga arbórea"
"MN-0043605","Myrmecophaga tridactyla","Linnaeus, 1758","Myrmecophagidae","Myrmecophaga","Tamanduá-bandeira","23","02","2020","23","02","2021","23/02/2020","B. Carvalho","M. Andrade","Armadilha fotográfica","Brasil","BR","Goiás","Alto Paraíso de Goiás","Parque Nacional da Chapada dos Veadeiros","-14.148","-47.53411","5","Cerrado sentido restrito"
"MN-0043802","Tapirus terrestris","(Linnaeus, 1758)","Tapiridae","Tapirus","Anta","17","11","2017","17","06","2018","17/11/2017","J. Pereira","R. Cunha","Observação","Brasil","BR","Minas Gerais","São Roque de Minas","Parque Nacional da Serra da Canastra","-20.28194","-46.56244","1","Campo rupestre / rio de planalto"
"MN-0043313","Ramphastos tucanus","Linnaeus, 1758","Ramphastidae","Ramphastos","Tucano-grande-de-papo-branco","28","07","2017","28","07","2017","28/07/2017","R. Cunha","L. Souza","Registro fotográfico","Brasil","BR","Amazonas","Manaus","Reserva Florestal Adolpho Ducke","-2.9392","-60.01205","1","Floresta de terra firme"
"MN-0043660","Tangara fastuosa","(Lesson, 1831)","Thraupidae","Tangara","Saíra-de-sete-cores","19","09","2020","19","09","2020","19/09/2020","A. Maciel","D. Rocha","Observação","","BR","Alagoas","Quebrangulo","Estação Ecológica de Pedra Talhada","-9.21782","-36.40296","1","Brejo de altitude"
"MN-0043736","Chrysocyon brachyurus","(Illiger, 1815)","Canidae","Chrysocyon","Lobo-guará","11","11","2017","11","11","2018","11/11/2017","F. Oliveira","L. Souza","Observação em campo","Brasil","BR","Goiás","Mineiros","Parque Nacional das Emas","-18.32224","-52.95262","1","Cerrado / campo limpo"
"MN-0043725","Panthera onca","(Linnaeus, 1758)","Felidae","Panthera","Onça-pintada","23","12","2024","23","08","2025","23/12/2024","R. Cunha","G. Nunes","Registro fotográfico","Brasil","BR","Mato Grosso do Sul","Miranda","RPPN Caiman","-19.94341","-56.26434","3","Planície de inundação do Pantanal"
"MN-0043480","Penelope jacucaca","Spix, 1825","Cracidae","Penelope","Jacucaca","05","07","2016","05","10","2016","05/07/2016","M. Andrade","A. Maciel","Observação em campo","Brasil","BR","Bahia","Jeremoabo","Estação Ecológica Raso da Catarina","-9.59187","-38.51688","2","Caatinga arbórea"
"MN-0043728","Butia odorata","(Barb.Rodr.) Noblick","Arecaceae","Butia","Butiá","03","03","2021","03","03","2021","03/03/2021","M. Andrade","A. Maciel","Coleta","Brasil","BR","Rio Grande do Sul","Aceguá","Coxilhas de Aceguá","-31.60624","-54.11705","1","Campos do Pampa"
"MN-0043693","Antilophia galeata","(Lichtenstein, 1823)","Pipridae","Antilophia","Soldadinho","","10","2020","","11","2020","10/2020","J. Pereira","G. Nunes","Coleta","Brasil","BR","Goiás","Alto Paraíso de Goiás","Parque Nacional da Chapada dos Veadeiros","-14.1299","-47.48725","3","Cerrado sentido restrito"
"MN-0042826","Antilophia galeata","(Lichtenstein, 1823)","Pipridae","Antilophia","Soldadinho","06","03","2015","06","05","2015","06/03/2015","B. Carvalho","T. Almeida","Observação em campo","Brasil","BR","Distrito Federal","Brasília","Estação Ecológica de Águas Emendadas","-15.5187","-47.60479","2","Cerrado / vereda"
"MN-0043427","Caiman yacare","(Daudin, 1802)","Alligatoridae","Caiman","Jacaré-do-pantanal","13","02","2018","13","03","2018","13/02/2018","P. Santos","J. Pereira","Observação em campo","Brasil","BR","Mato Grosso do Sul","Miranda","RPPN Caiman","-19.91729","-56.29721","2","Planície de inundação do Pantanal"
"MN-0043236","Paubrasilia echinata","(Lam.) Gagnon, H.C.Lima & G.P.Lewis","Fabaceae","Paubrasilia","Pau-brasil","25","03","2022","25","05","2022","25/03/2022","M. Andrade","G. Nunes","Material preservado (herbário)","Brasil","BR","Espírito Santo","Linhares","Reserva Natural Vale","-19.17116","-40.07689","4","Floresta de tabuleiro"
"MN-0043833","Prosopis affinis","Spreng.","Fabaceae","Prosopis","Inhanduvá","25","04","2015","25","04","2015","25/04/2015","D. Rocha","P. Santos","Coleta","","BR","Rio Grande do Sul","Barra do Quaraí","Parque Estadual do Espinilho","-30.1821","-57.57359","2","Savana-estépica (Pampa)"
"MN-0043709","Paubrasilia echinata","(Lam.) Gagnon, H.C.Lima & G.P.Lewis","Fabaceae","Paubrasilia","Pau-brasil","17","11","2016","17","11","2016","17/11/2016","M. Andrade","L. Souza","Coleta","BRASIL","BR","Bahia","Una","Reserva Biológica de Una","-15.14244","-39.09511","2","Floresta Atlântica"
"","Paroaria dominicana","(Linnaeus, 1758)","Thraupidae","Paroaria","Cardeal-do-nordeste","03","06","2022","03","06","2022","03/06/2022","J. Pereira","L. Souza","Material preservado (herbário)","Brasil","BR","Pernambuco","Buíque","Parque Nacional do Catimbau","-8.502","-37.27021","","Caatinga arbórea"
"MN-0043055","Mycteria americana","Linnaeus, 1758","Ciconiidae","Mycteria","Cabeça-seca","","12","2020","","02","2021","12/2020","F. Oliveira","A. Maciel","Registro fotográfico","Brasil","BR","Mato Grosso do Sul","Corumbá","Estrada Parque Pantanal","-19.00861","-57.61785","","Planície de inundação do Pantanal"
"MN-0043806","Anodorhynchus hyacinthinus","(Latham, 1790)","Psittacidae","Anodorhynchus","Arara-azul-grande","20","01","2016","20","04","2016","20/01/2016","T. Almeida","M. Andrade","Observação em campo","Brasil","BR","Mato Grosso do Sul","Corumbá","Estrada Parque Pantanal","-19.00414","-57.62638","","Planície de inundação do Pantanal"
"MN-0043240","Crax blumenbachii","Spix, 1825","Cracidae","Crax","Mutum-do-sudeste","18","07","2023","18","07","2023","18/07/2023","F. Oliveira","F. Oliveira","Observação","Brasil","BR","Espírito Santo","Linhares","Reserva Natural Vale","-19.17969","-40.04337","1","Floresta de tabuleiro"
"MN-0043694","Sporophila albogularis","(Spix, 1825)","Thraupidae","Sporophila","Golinho","16","04","2023","16","07","2023","16/04/2023","F. Oliveira","R. Cunha","Material preservado (herbário)","Brasil","BR","Bahia","Jeremoabo","Estação Ecológica Raso da Catarina","-9.64771","-38.48751","","Caatinga arbórea"
"MN-0043149","Tangara cyanocephala","(Statius Müller, 1776)","Thraupidae","Tangara","Saíra-militar","08","06","2018","08","08","2018","08/06/2018","A. Maciel","R. Cunha","Material preservado (herbário)","Brasil","BR","Pernambuco","Tamandaré","Reserva Biológica de Saltinho","-8.70909","-35.17476","6","Floresta Atlântica"
"MN-0043018","Mycteria americana","Linnaeus, 1758","Ciconiidae","Mycteria","Cabeça-seca","28","03","2024","28","06","2024","28/03/2024","P. Santos","C. Lima","Observação","Brasil","BR","Mato Grosso do Sul","Corumbá","Estrada Parque Pantanal","-19.01765","-57.64649","2","Planície de inundação do Pantanal"
"MN-0043011","Sporophila albogularis","(Spix, 1825)","Thraupidae","Sporophila","Golinho","18","03","2017","18","03","2017","18/03/2017","T. Almeida","B. Carvalho","Espécime preservado","Brasil","BR","Pernambuco","Buíque","Parque Nacional do Catimbau","-8.48973","-37.23844","1","Caatinga arbórea"
"MN-0043727","Sporophila albogularis","(Spix, 1825)","Thraupidae","Sporophila","Golinho","26","01","2023","26","02","2023","26/01/2023","C. Lima","F. Oliveira","Coleta","BRASIL","BR","Bahia","Jeremoabo","Estação Ecológica Raso da Catarina","-9.64067","-38.52377","1","Caatinga arbórea"
"MN-0043774","Myrmecophaga tridactyla","Linnaeus, 1758","Myrmecophagidae","Myrmecophaga","Tamanduá-bandeira","17","07","2016","17","08","2017","17/07/2016","L. Souza","A. Maciel","Armadilha fotográfica","Brasil","BR","Goiás","Mineiros","Parque Nacional das Emas","-18.27171","-52.88335","3","Cerrado / campo limpo"
"MN-0043558","Victoria amazonica","(Poepp.) J.C.Sowerby","Nymphaeaceae","Victoria","Vitória-régia","","11","2015","","02","2016","11/2015","T. Almeida","F. Oliveira","Coleta","Brasil","BR","Amazonas","Tefé","RDS Mamirauá","-3.08015","-64.8233","2","Várzea amazônica"
"MN-0043793","Ramphastos tucanus","Linnaeus, 1758","Ramphastidae","Ramphastos","Tucano-grande-de-papo-branco","25","08","2020","25","10","2020","2020/08/25","F. Oliveira","D. Rocha","Registro fotográfico","Brasil","BR","Pará","Melgaço","Floresta Nacional de Caxiuanã","-1.7751","-51.46728","1","Floresta de terra firme"
"MN-0043855","Myrmecophaga tridactyla","Linnaeus, 1758","Myrmecophagidae","Myrmecophaga","Tamanduá-bandeira","27","04","2017","27","03","2018","27/04/2017","D. Rocha","A. Maciel","Armadilha fotográfica","Brasil","BR","Goiás","Mineiros","Parque Nacional das Emas","-18.27489","-52.96053","5","Cerrado / campo limpo"
"MN-0043726","Jabiru mycteria","(Lichtenstein, 1819)","Ciconiidae","Jabiru","Tuiuiú","15","09","2021","15","09","2021","15/09/2021","R. Cunha","J. Pereira","Registro fotográfico","Brasil","BR","Mato Grosso","Poconé","Porto Jofre (Transpantaneira)","-17.3456","-56.78012","1","Planície de inundação do Pantanal"
"MN-0043084","Mycteria americana","Linnaeus, 1758","Ciconiidae","Mycteria","Cabeça-seca","11","07","2022","11","07","2022","2022/07/11","J. Pereira","R. Cunha","Observação em campo","Brasil","BR","Mato Grosso do Sul","Corumbá","Estrada Parque Pantanal","-18.98728","-57.64927","","Planície de inundação do Pantanal"
"MN-0042902","Amazona pretrei","(Temminck, 1830)","Psittacidae","Amazona","Papagaio-charão","03","09","2020","03","12","2020","03/09/2020","L. Souza","A. Maciel","Observação em campo","Brasil","BR","Rio Grande do Sul","Carazinho","Floresta Nacional de Carazinho","-28.32574","-52.78437","1","Floresta com Araucária"
"MN-0043617","Brachyteles arachnoides","(É. Geoffroy, 1806)","Atelidae","Brachyteles","Muriqui-do-sul","14","07","2020","14","10","2020","14/07/2020","B. Carvalho","P. Santos","Registro fotográfico","Brasil","BR","Rio de Janeiro","Itatiaia","Parque Nacional do Itatiaia","-22.42293","-44.61093","1","Floresta Atlântica montana"
"MN-0043388","Myrmecophaga tridactyla","Linnaeus, 1758","Myrmecophagidae","Myrmecophaga","Tamanduá-bandeira","23","06","2020","23","01","2021","23/06/2020","L. Souza","J. Pereira","Armadilha fotográfica","Brasil","BR","Goiás","Mineiros","Parque Nacional das Emas","-18.29235","-52.88589","4","Cerrado / campo limpo"
"MN-0043630","Euterpe edulis","Mart.","Arecaceae","Euterpe","Palmito-juçara","19","11","2015","19","01","2016","19/11/2015","G. Nunes","B. Carvalho","Coleta","Brasil","BR","Rio de Janeiro","Itatiaia","Parque Nacional do Itatiaia","-22.42808","-44.5957","3","Floresta Atlântica montana"
"MN-0043463","Inia geoffrensis","(Blainville, 1817)","Iniidae","Inia","Boto-cor-de-rosa","03","07","2018","03","10","2018","03/07/2018","M. Andrade","T. Almeida","Observação","BRASIL","BR","Amazonas","Tefé","RDS Mamirauá","-3.13054","-64.81683","2","Várzea amazônica"
"MN-0042904","Panthera onca","(Linnaeus, 1758)","Felidae","Panthera","Onça-pintada","02","12","2021","02","02","2023","02/12/2021","A. Maciel","D. Rocha","Armadilha fotográfica","Brasil","BR","Mato Grosso do Sul","Miranda","RPPN Caiman","-19.96813","-56.34153","5","Planície de inundação do Pantanal"
"MN-0043125","Bertholletia excelsa","Bonpl.","Lecythidaceae","Bertholletia","Castanheira-do-pará","20","04","2022","20","04","2022","20/04/2022","J. Pereira","G. Nunes","Coleta","Brasil","BR","Mato Grosso","Novo Mundo","RPPN Cristalino","-9.63713","-55.90121","5","Floresta amazônica (sul)"
"MN-0042866","Crax blumenbachii","Spix, 1825","Cracidae","Crax","Mutum-do-sudeste","27","01","2015","27","01","2015","27/01/2015","M. Andrade","B. Carvalho","Observação em campo","Brasil","BR","Espírito Santo","Linhares","Reserva Natural Vale","-19.14393","-40.10909","","Floresta de tabuleiro"
"MN-0043108","Glaucis dohrnii","(Bourcier & Mulsant, 1852)","Trochilidae","Glaucis","Rabo-branco-de-margarette","18","04","2024","18","04","2024","18/04/2024","P. Santos","A. Maciel","Registro fotográfico","Brasil","BR","Bahia","Una","Reserva Biológica de Una","-15.18563","-39.03638","3","Floresta Atlântica"
"MN-0043226","Tangara fastuosa","(Lesson, 1831)","Thraupidae","Tangara","Saíra-de-sete-cores","11","09","2017","11","09","2017","11/09/2017","J. Pereira","C. Lima","Espécime preservado","Brasil","BR","Pernambuco","Tamandaré","Reserva Biológica de Saltinho","-8.75155","-35.18724","4","Floresta Atlântica"
"MN-0043174","Psophia viridis","Spix, 1825","Psophiidae","Psophia","Jacamim-de-costas-verdes","27","08","2023","27","11","2023","27/08/2023 17:22","T. Almeida","D. Rocha","Observação em campo","Brasil","BR","Mato Grosso","Novo Mundo","RPPN Cristalino","-9.5981","-55.89467","4","Floresta amazônica (sul)"
"MN-0042977","Psophia viridis","Spix, 1825","Psophiidae","Psophia","Jacamim-de-costas-verdes","17","12","2023","17","12","2023","17/12/2023","T. Almeida","C. Lima","Observação em campo","Brasil","BR","Mato Grosso","Novo Mundo","RPPN Cristalino","-9.58835","-55.9468","4","Floresta amazônica (sul)"
"MN-0043708","Leontopithecus rosalia","(Linnaeus, 1766)","Callitrichidae","Leontopithecus","Mico-leão-dourado","15","10","2016","15","11","2016","15/10/2016","M. Andrade","P. Santos","Observação","Brasil","BR","Rio de Janeiro","Silva Jardim","Reserva Biológica de Poço das Antas","-22.56488","-42.28512","1","Floresta Atlântica"
"MN-0043130","Euterpe edulis","Mart.","Arecaceae","Euterpe","Palmito-juçara","03","04","2015","03","07","2015","03/04/2015","R. Cunha","G. Nunes","Espécime preservado","Brasil","BR","São Paulo","São Miguel Arcanjo","Parque Estadual Carlos Botelho","-24.02409","-47.95533","3","Floresta Atlântica"
"MN-0043656","Victoria amazonica","(Poepp.) J.C.Sowerby","Nymphaeaceae","Victoria","Vitória-régia","28","11","2018","28","11","2018","28/11/2018","F. Oliveira","T. Almeida","Material preservado (herbário)","Brasil","BR","Amazonas","Tefé","RDS Mamirauá","-3.14111","-64.79964","5","Várzea amazônica"
"MN-0043270","Inia geoffrensis","(Blainville, 1817)","Iniidae","Inia","Boto-cor-de-rosa","15","08","2018","15","11","2018","15/08/2018","T. Almeida","P. Santos","Observação em campo","Brasil","BR","Amazonas","Tefé","RDS Mamirauá","-3.13159","-64.77134","1","Várzea amazônica"
"MN-0043654","Anodorhynchus hyacinthinus","(Latham, 1790)","Psittacidae","Anodorhynchus","Arara-azul-grande","16","03","2020","16","03","2020","16/03/2020","M. Andrade","G. Nunes","Observação","Brasil","BR","Mato Grosso do Sul","Corumbá","Estrada Parque Pantanal","-19.04825","-57.62108","1","Planície de inundação do Pantanal"
"MN-0043064","Bertholletia excelsa","Bonpl.","Lecythidaceae","Bertholletia","Castanheira-do-pará","21","03","2021","21","06","2021","21/03/2021","J. Pereira","B. Carvalho","Coleta","BRASIL","BR","Pará","Melgaço","Floresta Nacional de Caxiuanã","-1.7782","-51.45882","1","Floresta de terra firme"
"MN-0043686","Euterpe edulis","Mart.","Arecaceae","Euterpe","Palmito-juçara","","02","2018","","02","2018","02/2018","B. Carvalho","G. Nunes","Material preservado (herbário)","Brasil","BR","Rio de Janeiro","Itatiaia","Parque Nacional do Itatiaia","-22.4082","-44.63112","3","Floresta Atlântica montana"
"","Chrysocyon brachyurus","(Illiger, 1815)","Canidae","Chrysocyon","Lobo-guará","09","10","2019","09","09","2020","09/10/2019","F. Oliveira","F. Oliveira","Armadilha fotográfica","BRASIL","BR","Goiás","Mineiros","Parque Nacional das Emas","-18.26635","-52.93067","1","Cerrado / campo limpo"
"MN-0043692","Sturnella superciliaris","(Bonaparte, 1850)","Icteridae","Sturnella","Polícia-inglesa-do-sul","08","08","2024","08","09","2024","08/08/2024","A. Maciel","F. Oliveira","Registro fotográfico","Brasil","BR","Rio Grande do Sul","Santa Maria","Morro da Caturrita","-29.71621","-53.79967","1","Campos do Pampa"
"MN-0042870","Sturnella superciliaris","(Bonaparte, 1850)","Icteridae","Sturnella","Polícia-inglesa-do-sul","06","04","2024","06","07","2024","06/04/2024","R. Cunha","L. Souza","Observação em campo","Brasil","BR","Rio Grande do Sul","Santa Maria","Morro da Caturrita","-29.71918","-53.78058","1","Campos do Pampa"
"MN-0043165","Butia odorata","(Barb.Rodr.) Noblick","Arecaceae","Butia","Butiá","18","12","2015","18","12","2015","18/12/2015","R. Cunha","L. Souza","Coleta","Brasil","BR","Rio Grande do Sul","Canguçu","Serra do Sudeste (zona rural)","-31.41874","-52.67211","1","Campos do Pampa"
"MN-0042982","Jabiru mycteria","(Lichtenstein, 1819)","Ciconiidae","Jabiru","Tuiuiú","07","03","2017","07","03","2017","07/03/2017","G. Nunes","T. Almeida","Observação","Brasil","BR","Mato Grosso do Sul","Corumbá","Estrada Parque Pantanal","-19.02821","-57.65098","4","Planície de inundação do Pantanal"
"","Procnias nudicollis","(Vieillot, 1817)","Cotingidae","Procnias","Araponga-do-nordeste","04","03","2024","04","04","2024","04/03/2024","D. Rocha","L. Souza","Registro fotográfico","Brasil","BR","São Paulo","São Miguel Arcanjo","Parque Estadual Carlos Botelho","-24.08551","-47.9842","1","Floresta Atlântica"
"MN-0042918","Myrmecophaga tridactyla","Linnaeus, 1758","Myrmecophagidae","Myrmecophaga","Tamanduá-bandeira","12","09","2018","12","07","2019","12/09/2018","D. Rocha","R. Cunha","Armadilha fotográfica","Brasil","BR","Goiás","Alto Paraíso de Goiás","Parque Nacional da Chapada dos Veadeiros","-14.08736","-47.47612","3","Cerrado sentido restrito"
"MN-0043755","Penelope jacucaca","Spix, 1825","Cracidae","Penelope","Jacucaca","02","01","2019","02","04","2019","02/01/2019","P. Santos","D. Rocha","Observação","","BR","Bahia","Jeremoabo","Estação Ecológica Raso da Catarina","-9.64987","-38.46506","5","Caatinga arbórea"
"MN-0043782","Tangara fastuosa","(Lesson, 1831)","Thraupidae","Tangara","Saíra-de-sete-cores","10","07","2015","10","07","2015","10/07/2015","R. Cunha","T. Almeida","Coleta","Brasil","BR","Alagoas","Quebrangulo","Estação Ecológica de Pedra Talhada","-9.20523","-36.44036","1","Brejo de altitude"
"MN-0042987","Ramphastos tucanus","Linnaeus, 1758","Ramphastidae","Ramphastos","Tucano-grande-de-papo-branco","14","07","2024","14","10","2024","14/07/2024","A. Maciel","G. Nunes","Observação","Brasil","BR","Pará","Melgaço","Floresta Nacional de Caxiuanã","-1.74259","-51.42531","3","Floresta de terra firme"
"MN-0043565","Amazona pretrei","(Temminck, 1830)","Psittacidae","Amazona","Papagaio-charão","14","12","2024","14","03","2025","14/12/2024","P. Santos","P. Santos","Observação","Brasil","BR","Rio Grande do Sul","Carazinho","Floresta Nacional de Carazinho","-28.2859","-52.76501","1","Floresta com Araucária"
"MN-0043384","Dipteryx alata","Vogel","Fabaceae","Dipteryx","Baru","08","10","2018","08","11","2018","08/10/2018","B. Carvalho","J. Pereira","Espécime preservado","Brasil","BR","Goiás","Mineiros","Parque Nacional das Emas","-18.31274","-52.91972","3","Cerrado / campo limpo"
"MN-0043638","Panthera onca","(Linnaeus, 1758)","Felidae","Panthera","Onça-pintada","07","05","2018","07","04","2019","07/05/2018 06:57","A. Maciel","D. Rocha","Observação","Brasil","BR","Mato Grosso","Poconé","Porto Jofre (Transpantaneira)","-17.3156","-56.79256","1","Planície de inundação do Pantanal"
"MN-0043441","Dipteryx alata","Vogel","Fabaceae","Dipteryx","Baru","11","12","2022","11","12","2022","11/12/2022 15:10","R. Cunha","J. Pereira","Coleta","Brasil","BR","Goiás","Alto Paraíso de Goiás","Parque Nacional da Chapada dos Veadeiros","-14.10578","-47.53271","3","Cerrado sentido restrito"
"MN-0042831","Anodorhynchus hyacinthinus","(Latham, 1790)","Psittacidae","Anodorhynchus","Arara-azul-grande","24","11","2022","24","01","2023","24/11/2022","F. Oliveira","B. Carvalho","Registro fotográfico","Brasil","BR","Mato Grosso do Sul","Miranda","RPPN Caiman","-19.9436","-56.26585","1","Planície de inundação do Pantanal"
"MN-0043245","Penelope jacucaca","Spix, 1825","Cracidae","Penelope","Jacucaca","25","02","2020","25","02","2020","25/02/2020","D. Rocha","P. Santos","Registro fotográfico","Brasil","BR","Pernambuco","Buíque","Parque Nacional do Catimbau","-8.54582","-37.21034","3","Caatinga arbórea"
"MN-0043280","Prosopis affinis","Spreng.","Fabaceae","Prosopis","Inhanduvá","24","04","2016","24","04","2016","24/04/2016","J. Pereira","R. Cunha","Material preservado (herbário)","Brasil","BR","Rio Grande do Sul","Barra do Quaraí","Parque Estadual do Espinilho","-30.17689","-57.52797","2","Savana-estépica (Pampa)"
"MN-0043885","Panthera onca","(Linnaeus, 1758)","Felidae","Panthera","Onça-pintada","02","05","2015","02","10","2015","02/05/2015","R. Cunha","M. Andrade","Armadilha fotográfica","Brasil","BR","Mato Grosso","Poconé","Porto Jofre (Transpantaneira)","-17.39438","-56.78486","1","Planície de inundação do Pantanal"
"MN-0043685","Ramphastos tucanus","Linnaeus, 1758","Ramphastidae","Ramphastos","Tucano-grande-de-papo-branco","02","09","2015","02","09","2015","02/09/2015","G. Nunes","J. Pereira","Observação em campo","Brasil","BR","Pará","Melgaço","Floresta Nacional de Caxiuanã","-1.73999","-51.46243","1","Floresta de terra firme"
"MN-0043527","Cereus jamacaru","DC.","Cactaceae","Cereus","Mandacaru","08","07","2023","08","07","2023","08/07/2023","B. Carvalho","G. Nunes","Material preservado (herbário)","Brasil","BR","Pernambuco","Buíque","Parque Nacional do Catimbau","-8.54038","-37.29388","","Caatinga arbórea"
"MN-0043144","Butia odorata","(Barb.Rodr.) Noblick","Arecaceae","Butia","Butiá","13","06","2016","13","06","2016","13/06/2016 21:25","R. Cunha","F. Oliveira","Coleta","Brasil","BR","Rio Grande do Sul","Aceguá","Coxilhas de Aceguá","-31.64913","-54.20008","5","Campos do Pampa"
"MN-0043490","Tangara fastuosa","(Lesson, 1831)","Thraupidae","Tangara","Saíra-de-sete-cores","19","07","2017","19","09","2017","19/07/2017","F. Oliveira","F. Oliveira","Coleta","Brasil","BR","Alagoas","Quebrangulo","Estação Ecológica de Pedra Talhada","-9.27528","-36.39365","3","Brejo de altitude"
"MN-0043320","Caiman yacare","(Daudin, 1802)","Alligatoridae","Caiman","Jacaré-do-pantanal","10","08","2018","10","11","2018","10/08/2018","D. Rocha","P. Santos","Observação","Brasil","BR","Mato Grosso do Sul","Corumbá","Estrada Parque Pantanal","-19.03813","-57.61805","4","Planície de inundação do Pantanal"
"MN-0043861","Myrmecophaga tridactyla","Linnaeus, 1758","Myrmecophagidae","Myrmecophaga","Tamanduá-bandeira","23","04","2023","23","07","2023","23/04/2023 05:24","A. Maciel","R. Cunha","Armadilha fotográfica","Brasil","BR","Goiás","Mineiros","Parque Nacional das Emas","-18.30015","-52.93201","1","Cerrado / campo limpo"
"MN-0043079","Sporophila albogularis","(Spix, 1825)","Thraupidae","Sporophila","Golinho","22","04","2015","22","04","2015","22/04/2015","D. Rocha","D. Rocha","Material preservado (herbário)","Brasil","BR","Pernambuco","Buíque","Parque Nacional do Catimbau","-8.47807","-37.26053","2","Caatinga arbórea"
"MN-0043135","Antilophia galeata","(Lichtenstein, 1823)","Pipridae","Antilophia","Soldadinho","12","10","2024","12","11","2024","12/10/2024","F. Oliveira","R. Cunha","Registro fotográfico","Brasil","BR","Goiás","Alto Paraíso de Goiás","Parque Nacional da Chapada dos Veadeiros","-14.12139","-47.49921","4","Cerrado sentido restrito"
"MN-0043579","Ateles paniscus","(Linnaeus, 1758)","Atelidae","Ateles","Macaco-aranha-de-cara-vermelha","01","03","2018","01","06","2018","01/03/2018","J. Pereira","A. Maciel","Registro fotográfico","Brasil","BR","Pará","Melgaço","Floresta Nacional de Caxiuanã","-1.75356","-51.48694","1","Floresta de terra firme"
"MN-0043564","Paroaria dominicana","(Linnaeus, 1758)","Thraupidae","Paroaria","Cardeal-do-nordeste","10","07","2020","10","08","2020","10/07/2020","M. Andrade","G. Nunes","Coleta","Brasil","BR","Bahia","Curaçá","Riacho Melância","-9.15046","-39.89292","1","Caatinga arbustiva"
"MN-0043133","Spinus yarrellii","(Audubon, 1839)","Fringillidae","Spinus","Pintassilgo-do-nordeste","10","05","2016","10","07","2016","10/05/2016","C. Lima","B. Carvalho","Observação","Brasil","BR","Bahia","Boa Nova","Parque Nacional de Boa Nova","-14.34019","-40.25475","4","Mata-de-cipó"
"MN-0043252","Spinus yarrellii","(Audubon, 1839)","Fringillidae","Spinus","Pintassilgo-do-nordeste","25","01","2020","25","02","2020","25/01/2020","J. Pereira","M. Andrade","Registro fotográfico","Brasil","BR","Bahia","Boa Nova","Parque Nacional de Boa Nova","-14.35519","-40.22546","1","Mata-de-cipó"
"MN-0043588","Anodorhynchus leari","Bonaparte, 1856","Psittacidae","Anodorhynchus","Arara-azul-de-lear","09","05","2021","09","06","2021","09/05/2021","F. Oliveira","R. Cunha","Registro fotográfico","Brasil","BR","Bahia","Canudos","ARIE Serra Branca","-9.89419","-38.97585","","Caatinga arbórea"
"MN-0043316","Bertholletia excelsa","Bonpl.","Lecythidaceae","Bertholletia","Castanheira-do-pará","27","11","2023","27","02","2024","27/11/2023","G. Nunes","M. Andrade","Espécime preservado","Brasil","BR","Mato Grosso","Novo Mundo","RPPN Cristalino","-9.59099","-55.90941","2","Floresta amazônica (sul)"
"MN-0043412","Mergus octosetaceus","Vieillot, 1817","Anatidae","Mergus","Pato-mergulhão","28","02","2019","28","05","2019","28/02/2019","D. Rocha","R. Cunha","Observação em campo","Brasil","BR","Minas Gerais","São Roque de Minas","Parque Nacional da Serra da Canastra","-20.3079","-46.51488","5","Campo rupestre / rio de planalto"
"MN-0042965","Victoria amazonica","(Poepp.) J.C.Sowerby","Nymphaeaceae","Victoria","Vitória-régia","05","04","2018","05","07","2018","05/04/2018","B. Carvalho","P. Santos","Espécime preservado","Brasil","BR","Amazonas","Tefé","RDS Mamirauá","-3.13548","-64.77553","","Várzea amazônica"
"MN-0042955","Sporophila albogularis","(Spix, 1825)","Thraupidae","Sporophila","Golinho","11","04","2020","11","06","2020","11/04/2020","F. Oliveira","F. Oliveira","Material preservado (herbário)","Brasil","BR","Bahia","Jeremoabo","Estação Ecológica Raso da Catarina","-9.64218","-38.4746","4","Caatinga arbórea"
"MN-0042913","Dipteryx alata","Vogel","Fabaceae","Dipteryx","Baru","24","02","2021","24","05","2021","24/02/2021","M. Andrade","T. Almeida","Espécime preservado","Brasil","BR","Goiás","Alto Paraíso de Goiás","Parque Nacional da Chapada dos Veadeiros","-14.15921","-47.48434","","Cerrado sentido restrito"
"MN-0043756","Panthera onca","(Linnaeus, 1758)","Felidae","Panthera","Onça-pintada","04","05","2024","04","12","2024","04/05/2024","M. Andrade","B. Carvalho","Armadilha fotográfica","Brasil","BR","Mato Grosso","Poconé","Porto Jofre (Transpantaneira)","-17.33043","-56.72613","","Planície de inundação do Pantanal"
"MN-0042872","Paroaria dominicana","(Linnaeus, 1758)","Thraupidae","Paroaria","Cardeal-do-nordeste","02","09","2019","02","11","2019","02/09/2019","T. Almeida","T. Almeida","Espécime preservado","Brasil","BR","Bahia","Jeremoabo","Estação Ecológica Raso da Catarina","-9.60203","-38.54008","2","Caatinga arbórea"
"MN-0043730","Victoria amazonica","(Poepp.) J.C.Sowerby","Nymphaeaceae","Victoria","Vitória-régia","20","04","2017","20","04","2017","20/04/2017","F. Oliveira","P. Santos","Material preservado (herbário)","Brasil","BR","Amazonas","Tefé","RDS Mamirauá","-3.0705","-64.79717","3","Várzea amazônica"
"MN-0043514","Jabiru mycteria","(Lichtenstein, 1819)","Ciconiidae","Jabiru","Tuiuiú","19","09","2021","19","09","2021","19/09/2021","J. Pereira","G. Nunes","Observação","Brasil","BR","Mato Grosso","Poconé","Porto Jofre (Transpantaneira)","-17.32264","-56.77078","1","Planície de inundação do Pantanal"
"MN-0043713","Swietenia macrophylla","King","Meliaceae","Swietenia","Mogno","12","10","2016","12","10","2016","12/10/2016","G. Nunes","J. Pereira","Material preservado (herbário)","Brasil","BR","Mato Grosso","Novo Mundo","RPPN Cristalino","-9.63601","-55.91897","1","Floresta amazônica (sul)"
"MN-0043271","Antilophia galeata","(Lichtenstein, 1823)","Pipridae","Antilophia","Soldadinho","19","10","2015","19","10","2015","19/10/2015","T. Almeida","A. Maciel","Material preservado (herbário)","Brasil","BR","Distrito Federal","Brasília","Estação Ecológica de Águas Emendadas","-15.54337","-47.56097","","Cerrado / vereda"
"MN-0042856","Swietenia macrophylla","King","Meliaceae","Swietenia","Mogno","05","06","2024","05","09","2024","05/06/2024","D. Rocha","G. Nunes","Material preservado (herbário)","Brasil","BR","Mato Grosso","Novo Mundo","RPPN Cristalino","-9.59226","-55.91135","3","Floresta amazônica (sul)"
"MN-0042909","Tangara cyanocephala","(Statius Müller, 1776)","Thraupidae","Tangara","Saíra-militar","24","04","2023","24","05","2023","24/04/2023","A. Maciel","A. Maciel","Espécime preservado","Brasil","BR","São Paulo","São Miguel Arcanjo","Parque Estadual Carlos Botelho","-24.09849","-47.98831","","Floresta Atlântica"
"MN-0043739","Crax blumenbachii","Spix, 1825","Cracidae","Crax","Mutum-do-sudeste","01","04","2023","01","04","2023","01/04/2023","R. Cunha","J. Pereira","Observação em campo","Brasil","BR","Espírito Santo","Linhares","Reserva Natural Vale","-19.17788","-40.07821","3","Floresta de tabuleiro"
"MN-0043173","Euterpe edulis","Mart.","Arecaceae","Euterpe","Palmito-juçara","21","09","2020","21","09","2020","21/09/2020","C. Lima","P. Santos","Coleta","Brasil","BR","Rio de Janeiro","Itatiaia","Parque Nacional do Itatiaia","-22.48765","-44.63607","2","Floresta Atlântica montana"
"MN-0043805","Sporophila albogularis","(Spix, 1825)","Thraupidae","Sporophila","Golinho","22","03","2021","22","03","2021","22/03/2021","P. Santos","T. Almeida","Observação","Brasil","BR","Bahia","Jeremoabo","Estação Ecológica Raso da Catarina","-9.61621","-38.49416","3","Caatinga arbórea"
"MN-0043220","Myrmecophaga tridactyla","Linnaeus, 1758","Myrmecophagidae","Myrmecophaga","Tamanduá-bandeira","12","05","2020","12","05","2021","12/05/2020","T. Almeida","P. Santos","Armadilha fotográfica","","BR","Goiás","Alto Paraíso de Goiás","Parque Nacional da Chapada dos Veadeiros","-14.14189","-47.50822","","Cerrado sentido restrito"
"MN-0043612","Rhea americana","(Linnaeus, 1758)","Rheidae","Rhea","Ema","20","12","2024","20","01","2025","20/12/2024","T. Almeida","F. Oliveira","Registro fotográfico","Brasil","BR","Goiás","Mineiros","Parque Nacional das Emas","-18.29644","-52.94302","3","Cerrado / campo limpo"
"MN-0043268","Paubrasilia echinata","(Lam.) Gagnon, H.C.Lima & G.P.Lewis","Fabaceae","Paubrasilia","Pau-brasil","07","09","2024","07","10","2024","07/09/2024","J. Pereira","M. Andrade","Coleta","Brasil","BR","Espírito Santo","Linhares","Reserva Natural Vale","-19.1902","-40.04471","1","Floresta de tabuleiro"
"MN-0042924","Pyrrhura griseipectus","Salvadori, 1900","Psittacidae","Pyrrhura","Tiriba-de-peito-cinza","06","10","2022","06","01","2023","06/10/2022","R. Cunha","T. Almeida","Observação em campo","Brasil","BR","Ceará","Quixadá","Serra do Estevão","-4.9538","-39.04638","4","Caatinga / serra úmida"
"MN-0043007","Leontopithecus rosalia","(Linnaeus, 1766)","Callitrichidae","Leontopithecus","Mico-leão-dourado","10","06","2017","10","06","2017","2017/06/10","L. Souza","D. Rocha","Observação","Brasil","BR","Rio de Janeiro","Silva Jardim","Reserva Biológica de Poço das Antas","-22.54469","-42.24938","","Floresta Atlântica"
"MN-0043065","Brachyteles arachnoides","(É. Geoffroy, 1806)","Atelidae","Brachyteles","Muriqui-do-sul","21","07","2018","21","07","2018","21/07/2018","P. Santos","C. Lima","Observação em campo","Brasil","BR","Rio de Janeiro","Itatiaia","Parque Nacional do Itatiaia","-22.40965","-44.60196","3","Floresta Atlântica montana"
"MN-0042897","Tangara cyanocephala","(Statius Müller, 1776)","Thraupidae","Tangara","Saíra-militar","09","12","2022","09","12","2022","09/12/2022","M. Andrade","L. Souza","Observação","Brasil","BR","Pernambuco","Tamandaré","Reserva Biológica de Saltinho","-8.76742","-35.19739","4","Floresta Atlântica"
"MN-0043131","Tangara fastuosa","(Lesson, 1831)","Thraupidae","Tangara","Saíra-de-sete-cores","12","08","2016","12","09","2016","12/08/2016","G. Nunes","G. Nunes","Observação em campo","Brasil","BR","Pernambuco","Tamandaré","Reserva Biológica de Saltinho","-8.74189","-35.20309","2","Floresta Atlântica"
"MN-0043453","Ateles paniscus","(Linnaeus, 1758)","Atelidae","Ateles","Macaco-aranha-de-cara-vermelha","","03","2023","","04","2023","03/2023","C. Lima","P. Santos","Observação em campo","Brasil","BR","Pará","Melgaço","Floresta Nacional de Caxiuanã","-1.74494","-51.4506","","Floresta de terra firme"
"MN-0043426","Paubrasilia echinata","(Lam.) Gagnon, H.C.Lima & G.P.Lewis","Fabaceae","Paubrasilia","Pau-brasil","05","05","2024","05","05","2024","05/05/2024","T. Almeida","P. Santos","Coleta","Brasil","BR","Espírito Santo","Linhares","Reserva Natural Vale","-19.18296","-40.06445","1","Floresta de tabuleiro"
"MN-0043233","Brachyteles arachnoides","(É. Geoffroy, 1806)","Atelidae","Brachyteles","Muriqui-do-sul","10","12","2024","10","02","2025","10/12/2024","A. Maciel","R. Cunha","Observação","Brasil","BR","São Paulo","São Miguel Arcanjo","Parque Estadual Carlos Botelho","-24.05352","-48.01646","2","Floresta Atlântica"
"MN-0042846","Paubrasilia echinata","(Lam.) Gagnon, H.C.Lima & G.P.Lewis","Fabaceae","Paubrasilia","Pau-brasil","05","02","2015","05","02","2015","05/02/2015","B. Carvalho","B. Carvalho","Espécime preservado","Brasil","BR","Bahia","Una","Reserva Biológica de Una","-15.2046","-39.05708","5","Floresta Atlântica"
"MN-0042889","Brachyteles arachnoides","(É. Geoffroy, 1806)","Atelidae","Brachyteles","Muriqui-do-sul","11","12","2022","11","03","2023","11/12/2022","D. Rocha","M. Andrade","Observação em campo","Brasil","BR","São Paulo","São Miguel Arcanjo","Parque Estadual Carlos Botelho","-24.07694","-47.98541","5","Floresta Atlântica"
"MN-0043672","Antilophia galeata","(Lichtenstein, 1823)","Pipridae","Antilophia","Soldadinho","01","09","2020","01","11","2020","01/09/2020","L. Souza","F. Oliveira","Espécime preservado","Brasil","BR","Goiás","Alto Paraíso de Goiás","Parque Nacional da Chapada dos Veadeiros","-14.10159","-47.56361","3","Cerrado sentido restrito"
"MN-0043704","Ramphastos tucanus","Linnaeus, 1758","Ramphastidae","Ramphastos","Tucano-grande-de-papo-branco","19","12","2022","19","02","2023","19/12/2022","M. Andrade","D. Rocha","Registro fotográfico","Brasil","BR","Pará","Melgaço","Floresta Nacional de Caxiuanã","-1.72575","-51.46416","6","Floresta de terra firme"
"","Anodorhynchus leari","Bonaparte, 1856","Psittacidae","Anodorhynchus","Arara-azul-de-lear","","10","2023","","10","2023","10/2023","J. Pereira","A. Maciel","Observação em campo","BRASIL","BR","Bahia","Jeremoabo","Estação Ecológica Raso da Catarina","-9.61697","-38.53158","","Caatinga arbórea"
"MN-0043025","Euterpe edulis","Mart.","Arecaceae","Euterpe","Palmito-juçara","24","11","2017","24","12","2017","24/11/2017","A. Maciel","M. Andrade","Material preservado (herbário)","Brasil","BR","Rio de Janeiro","Itatiaia","Parque Nacional do Itatiaia","-22.48607","-44.57971","1","Floresta Atlântica montana"
"MN-0043668","Caiman yacare","(Daudin, 1802)","Alligatoridae","Caiman","Jacaré-do-pantanal","25","05","2023","25","05","2023","25/05/2023","J. Pereira","L. Souza","Observação","Brasil","BR","Mato Grosso do Sul","Miranda","RPPN Caiman","-19.93924","-56.28374","1","Planície de inundação do Pantanal"
"MN-0043611","Tangara cyanocephala","(Statius Müller, 1776)","Thraupidae","Tangara","Saíra-militar","25","02","2021","25","05","2021","25/02/2021","B. Carvalho","D. Rocha","Material preservado (herbário)","Brasil","BR","Pernambuco","Tamandaré","Reserva Biológica de Saltinho","-8.7463","-35.16657","1","Floresta Atlântica"
"MN-0043020","Leopardus geoffroyi","(d'Orbigny & Gervais, 1844)","Felidae","Leopardus","Gato-do-mato-grande","26","03","2017","26","10","2017","26/03/2017","C. Lima","L. Souza","Observação em campo","Brasil","BR","Rio Grande do Sul","Barra do Quaraí","Parque Estadual do Espinilho","-30.14722","-57.57295","2","Savana-estépica (Pampa)"
"MN-0043100","Ramphastos tucanus","Linnaeus, 1758","Ramphastidae","Ramphastos","Tucano-grande-de-papo-branco","01","10","2021","01","10","2021","01/10/2021","R. Cunha","J. Pereira","Observação em campo","Brasil","BR","Mato Grosso","Novo Mundo","RPPN Cristalino","-9.59956","-55.9719","2","Floresta amazônica (sul)"
"MN-0042954","Prosopis affinis","Spreng.","Fabaceae","Prosopis","Inhanduvá","03","04","2016","03","05","2016","03/04/2016","R. Cunha","M. Andrade","Coleta","Brasil","BR","Rio Grande do Sul","Barra do Quaraí","Parque Estadual do Espinilho","-30.20909","-57.54902","5","Savana-estépica (Pampa)"
"MN-0043003","Pyrrhura griseipectus","Salvadori, 1900","Psittacidae","Pyrrhura","Tiriba-de-peito-cinza","14","03","2016","14","06","2016","14/03/2016","D. Rocha","A. Maciel","Registro fotográfico","Brasil","BR","Ceará","Quixadá","Serra do Estevão","-4.98707","-39.02443","1","Caatinga / serra úmida"
"MN-0043191","Sporophila albogularis","(Spix, 1825)","Thraupidae","Sporophila","Golinho","18","12","2024","18","03","2025","18/12/2024","F. Oliveira","M. Andrade","Material preservado (herbário)","Brasil","BR","Bahia","Jeremoabo","Estação Ecológica Raso da Catarina","-9.6381","-38.53003","4","Caatinga arbórea"
"MN-0043823","Tangara cyanocephala","(Statius Müller, 1776)","Thraupidae","Tangara","Saíra-militar","19","12","2022","19","01","2023","19/12/2022","M. Andrade","L. Souza","Material preservado (herbário)","Brasil","BR","Pernambuco","Tamandaré","Reserva Biológica de Saltinho","-8.74742","-35.14423","1","Floresta Atlântica"
"MN-0042869","Penelope jacucaca","Spix, 1825","Cracidae","Penelope","Jacucaca","12","09","2018","12","09","2018","12/09/2018","B. Carvalho","L. Souza","Observação em campo","Brasil","BR","Bahia","Boa Nova","Parque Nacional de Boa Nova","-14.36786","-40.21947","2","Mata-de-cipó"
"MN-0043232","Brachyteles arachnoides","(É. Geoffroy, 1806)","Atelidae","Brachyteles","Muriqui-do-sul","05","06","2016","05","06","2016","2016/06/05","A. Maciel","L. Souza","Observação em campo","Brasil","BR","São Paulo","São Miguel Arcanjo","Parque Estadual Carlos Botelho","-24.09666","-47.97689","2","Floresta Atlântica"
"MN-0043340","Prosopis affinis","Spreng.","Fabaceae","Prosopis","Inhanduvá","08","09","2024","08","12","2024","08/09/2024","B. Carvalho","J. Pereira","Material preservado (herbário)","Brasil","BR","Rio Grande do Sul","Barra do Quaraí","Parque Estadual do Espinilho","-30.20153","-57.58521","1","Savana-estépica (Pampa)"
"MN-0043390","Phylloscartes ceciliae","Teixeira, 1987","Tyrannidae","Phylloscartes","Cara-pintada","14","08","2015","14","08","2015","14/08/2015","B. Carvalho","R. Cunha","Observação","Brasil","BR","Alagoas","Murici","Estação Ecológica de Murici","-9.21656","-35.87017","","Floresta Atlântica"
"MN-0042927","Tangara cyanocephala","(Statius Müller, 1776)","Thraupidae","Tangara","Saíra-militar","28","12","2016","28","03","2017","28/12/2016","M. Andrade","T. Almeida","Espécime preservado","","BR","Pernambuco","Tamandaré","Reserva Biológica de Saltinho","-8.75641","-35.17519","4","Floresta Atlântica"
"MN-0043445","Paubrasilia echinata","(Lam.) Gagnon, H.C.Lima & G.P.Lewis","Fabaceae","Paubrasilia","Pau-brasil","22","05","2018","22","05","2018","22/05/2018","B. Carvalho","B. Carvalho","Espécime preservado","","BR","Bahia","Una","Reserva Biológica de Una","-15.15926","-39.10632","1","Floresta Atlântica"
"MN-0043702","Spinus yarrellii","(Audubon, 1839)","Fringillidae","Spinus","Pintassilgo-do-nordeste","28","08","2022","28","10","2022","28/08/2022","J. Pereira","T. Almeida","Observação","Brasil","BR","Ceará","Quixadá","Serra do Estevão","-5.01239","-38.98918","4","Caatinga / serra úmida"
"MN-0043647","Paroaria dominicana","(Linnaeus, 1758)","Thraupidae","Paroaria","Cardeal-do-nordeste","22","02","2017","22","02","2017","22/02/2017","C. Lima","P. Santos","Coleta","Brasil","BR","Bahia","Jeremoabo","Estação Ecológica Raso da Catarina","-9.59595","-38.50481","4","Caatinga arbórea"
"MN-0043143","Victoria amazonica","(Poepp.) J.C.Sowerby","Nymphaeaceae","Victoria","Vitória-régia","26","10","2023","26","01","2024","26/10/2023","P. Santos","D. Rocha","Espécime preservado","Brasil","BR","Amazonas","Tefé","RDS Mamirauá","-3.13217","-64.82651","4","Várzea amazônica"
"MN-0043319","Bertholletia excelsa","Bonpl.","Lecythidaceae","Bertholletia","Castanheira-do-pará","03","12","2020","03","12","2020","03/12/2020","G. Nunes","R. Cunha","Coleta","Brasil","BR","Pará","Melgaço","Floresta Nacional de Caxiuanã","-1.77712","-51.42767","5","Floresta de terra firme"
"MN-0043821","Jabiru mycteria","(Lichtenstein, 1819)","Ciconiidae","Jabiru","Tuiuiú","27","02","2018","27","02","2018","27/02/2018","C. Lima","G. Nunes","Observação em campo","Brasil","BR","Mato Grosso do Sul","Miranda","RPPN Caiman","-19.98549","-56.30842","2","Planície de inundação do Pantanal"
"MN-0043141","Leontopithecus rosalia","(Linnaeus, 1766)","Callitrichidae","Leontopithecus","Mico-leão-dourado","","09","2020","","11","2020","09/2020","T. Almeida","C. Lima","Observação","Brasil","BR","Rio de Janeiro","Silva Jardim","Reserva Biológica de Poço das Antas","-22.51979","-42.239","2","Floresta Atlântica"
"MN-0042926","Jabiru mycteria","(Lichtenstein, 1819)","Ciconiidae","Jabiru","Tuiuiú","12","04","2021","12","07","2021","2021/04/12","F. Oliveira","L. Souza","Registro fotográfico","Brasil","BR","Mato Grosso do Sul","Miranda","RPPN Caiman","-19.98546","-56.33623","2","Planície de inundação do Pantanal"
"DEMO-NAME-03","Tangara fastuoza","(Lesson, 1831)","Thraupidae","Tangara","Saíra-de-sete-cores","16","03","2017","16","03","2017","16/03/2017","T. Almeida","T. Almeida","Observação","Brasil","BR","Pernambuco","Tamandaré","Reserva Biológica de Saltinho","-8.73","-35.17","1","Floresta Atlântica"
"MN-0043430","Psophia viridis","Spix, 1825","Psophiidae","Psophia","Jacamim-de-costas-verdes","20","04","2021","20","05","2021","20/04/2021","B. Carvalho","L. Souza","Observação","Brasil","BR","Mato Grosso","Novo Mundo","RPPN Cristalino","-9.58841","-55.96557","1","Floresta amazônica (sul)"
"MN-0043344","Tangara cyanocephala","(Statius Müller, 1776)","Thraupidae","Tangara","Saíra-militar","04","10","2022","04","12","2022","04/10/2022","A. Maciel","M. Andrade","Registro fotográfico","Brasil","BR","Pernambuco","Tamandaré","Reserva Biológica de Saltinho","-8.72583","-35.17072","3","Floresta Atlântica"
"MN-0043296","Bertholletia excelsa","Bonpl.","Lecythidaceae","Bertholletia","Castanheira-do-pará","19","09","2021","19","11","2021","19/09/2021","F. Oliveira","B. Carvalho","Material preservado (herbário)","Brasil","BR","Mato Grosso","Novo Mundo","RPPN Cristalino","-9.64448","-55.9112","3","Floresta amazônica (sul)"
"MN-0043035","Butia odorata","(Barb.Rodr.) Noblick","Arecaceae","Butia","Butiá","11","09","2023","11","09","2023","11/09/2023","D. Rocha","R. Cunha","Material preservado (herbário)","Brasil","BR","Rio Grande do Sul","Aceguá","Coxilhas de Aceguá","-31.61253","-54.12114","1","Campos do Pampa"
"MN-0043752","Amazona pretrei","(Temminck, 1830)","Psittacidae","Amazona","Papagaio-charão","19","10","2019","19","01","2020","19/10/2019","T. Almeida","M. Andrade","Registro fotográfico","Brasil","BR","Rio Grande do Sul","Carazinho","Floresta Nacional de Carazinho","-28.25501","-52.82657","4","Floresta com Araucária"
"MN-0043853","Jabiru mycteria","(Lichtenstein, 1819)","Ciconiidae","Jabiru","Tuiuiú","02","08","2015","02","10","2015","02/08/2015","M. Andrade","F. Oliveira","Observação em campo","Brasil","BR","Mato Grosso","Poconé","Porto Jofre (Transpantaneira)","-17.34819","-56.81357","5","Planície de inundação do Pantanal"
"MN-0042958","Brachyteles arachnoides","(É. Geoffroy, 1806)","Atelidae","Brachyteles","Muriqui-do-sul","18","10","2024","18","11","2024","18/10/2024","D. Rocha","D. Rocha","Registro fotográfico","Brasil","BR","São Paulo","São Miguel Arcanjo","Parque Estadual Carlos Botelho","-24.05237","-47.94521","2","Floresta Atlântica"
"MN-0043132","Chrysocyon brachyurus","(Illiger, 1815)","Canidae","Chrysocyon","Lobo-guará","24","08","2021","24","11","2021","24/08/2021","C. Lima","B. Carvalho","Armadilha fotográfica","Brasil","BR","Minas Gerais","São Roque de Minas","Parque Nacional da Serra da Canastra","-20.28814","-46.5026","1","Campo rupestre / rio de planalto"
"MN-0043479","Blastocerus dichotomus","(Illiger, 1815)","Cervidae","Blastocerus","Cervo-do-pantanal","04","11","2024","04","02","2025","04/11/2024","D. Rocha","A. Maciel","Observação","Brasil","BR","Mato Grosso do Sul","Corumbá","Estrada Parque Pantanal","-18.99683","-57.61994","1","Planície de inundação do Pantanal"
"MN-0042934","Tangara cyanocephala","(Statius Müller, 1776)","Thraupidae","Tangara","Saíra-militar","16","12","2024","16","12","2024","16/12/2024","P. Santos","T. Almeida","Coleta","Brasil","BR","Alagoas","Quebrangulo","Estação Ecológica de Pedra Talhada","-9.20727","-36.38508","","Brejo de altitude"
"MN-0042845","Swietenia macrophylla","King","Meliaceae","Swietenia","Mogno","15","06","2016","15","09","2016","15/06/2016","B. Carvalho","B. Carvalho","Material preservado (herbário)","Brasil","BR","Mato Grosso","Novo Mundo","RPPN Cristalino","-9.59381","-55.9078","5","Floresta amazônica (sul)"
"MN-0043723","Victoria amazonica","(Poepp.) J.C.Sowerby","Nymphaeaceae","Victoria","Vitória-régia","20","11","2017","20","12","2017","20/11/2017","D. Rocha","R. Cunha","Coleta","Brasil","BR","Amazonas","Tefé","RDS Mamirauá","-3.08971","-64.81524","2","Várzea amazônica"
"MN-0043216","Cereus jamacaru","DC.","Cactaceae","Cereus","Mandacaru","","12","2023","","03","2024","12/2023","C. Lima","R. Cunha","Material preservado (herbário)","Brasil","BR","Pernambuco","Buíque","Parque Nacional do Catimbau","-8.54304","-37.21525","2","Caatinga arbórea"
"MN-0043498","Euterpe edulis","Mart.","Arecaceae","Euterpe","Palmito-juçara","28","12","2017","28","12","2017","28/12/2017","L. Souza","A. Maciel","Espécime preservado","Brasil","BR","São Paulo","São Miguel Arcanjo","Parque Estadual Carlos Botelho","-24.05814","-47.96984","1","Floresta Atlântica"
"","Procnias nudicollis","(Vieillot, 1817)","Cotingidae","Procnias","Araponga-do-nordeste","27","05","2016","27","05","2016","27/05/2016","R. Cunha","L. Souza","Observação em campo","Brasil","BR","São Paulo","São Miguel Arcanjo","Parque Estadual Carlos Botelho","-24.09312","-48.00829","1","Floresta Atlântica"
"MN-0043771","Dipteryx alata","Vogel","Fabaceae","Dipteryx","Baru","05","12","2022","05","12","2022","05/12/2022","J. Pereira","B. Carvalho","Material preservado (herbário)","Brasil","BR","Goiás","Mineiros","Parque Nacional das Emas","-18.31571","-52.90581","","Cerrado / campo limpo"
"MN-0042946","Panthera onca","(Linnaeus, 1758)","Felidae","Panthera","Onça-pintada","11","04","2019","11","08","2019","11/04/2019","L. Souza","G. Nunes","Armadilha fotográfica","Brasil","BR","Mato Grosso do Sul","Miranda","RPPN Caiman","-19.9163","-56.32111","2","Planície de inundação do Pantanal"
"MN-0043808","Pyrrhura griseipectus","Salvadori, 1900","Psittacidae","Pyrrhura","Tiriba-de-peito-cinza","26","08","2020","26","11","2020","26/08/2020","L. Souza","C. Lima","Observação","Brasil","BR","Ceará","Quixadá","Serra do Estevão","-4.9506","-38.97948","3","Caatinga / serra úmida"
"MN-0043071","Jabiru mycteria","(Lichtenstein, 1819)","Ciconiidae","Jabiru","Tuiuiú","11","06","2019","11","06","2019","11/06/2019","P. Santos","M. Andrade","Observação em campo","","BR","Mato Grosso","Poconé","Porto Jofre (Transpantaneira)","-17.35322","-56.73655","2","Planície de inundação do Pantanal"
"MN-0043057","Anodorhynchus leari","Bonaparte, 1856","Psittacidae","Anodorhynchus","Arara-azul-de-lear","01","11","2020","01","11","2020","01/11/2020","L. Souza","B. Carvalho","Registro fotográfico","Brasil","BR","Bahia","Canudos","ARIE Serra Branca","-9.86294","-39.03775","2","Caatinga arbórea"
"MN-0043440","Chrysocyon brachyurus","(Illiger, 1815)","Canidae","Chrysocyon","Lobo-guará","15","02","2016","15","05","2016","15/02/2016","D. Rocha","J. Pereira","Armadilha fotográfica","Brasil","BR","Minas Gerais","São Roque de Minas","Parque Nacional da Serra da Canastra","-20.34477","-46.54006","","Campo rupestre / rio de planalto"
"MN-0042851","Psophia viridis","Spix, 1825","Psophiidae","Psophia","Jacamim-de-costas-verdes","11","02","2020","11","03","2020","11/02/2020","P. Santos","D. Rocha","Observação em campo","Brasil","BR","Mato Grosso","Novo Mundo","RPPN Cristalino","-9.62759","-55.8871","2","Floresta amazônica (sul)"
"MN-0043342","Antilophia galeata","(Lichtenstein, 1823)","Pipridae","Antilophia","Soldadinho","27","01","2021","27","01","2021","27/01/2021","A. Maciel","R. Cunha","Registro fotográfico","","BR","Distrito Federal","Brasília","Estação Ecológica de Águas Emendadas","-15.51292","-47.62763","5","Cerrado / vereda"
"MN-0043450","Chrysocyon brachyurus","(Illiger, 1815)","Canidae","Chrysocyon","Lobo-guará","07","06","2022","07","10","2023","07/06/2022","F. Oliveira","L. Souza","Armadilha fotográfica","BRASIL","BR","Minas Gerais","São Roque de Minas","Parque Nacional da Serra da Canastra","-20.3297","-46.48386","1","Campo rupestre / rio de planalto"
"MN-0042859","Paubrasilia echinata","(Lam.) Gagnon, H.C.Lima & G.P.Lewis","Fabaceae","Paubrasilia","Pau-brasil","18","11","2019","18","11","2019","18/11/2019","T. Almeida","M. Andrade","Material preservado (herbário)","Brasil","BR","Espírito Santo","Linhares","Reserva Natural Vale","-19.15922","-40.09902","1","Floresta de tabuleiro"
"MN-0043235","Amazona pretrei","(Temminck, 1830)","Psittacidae","Amazona","Papagaio-charão","26","01","2020","26","01","2020","26/01/2020 02:37","C. Lima","J. Pereira","Registro fotográfico","Brasil","BR","Rio Grande do Sul","Carazinho","Floresta Nacional de Carazinho","-28.30373","-52.8289","2","Floresta com Araucária"
"DEMO-COORD-08","Brachyteles arachnoides","(É. Geoffroy, 1806)","Atelidae","Brachyteles","Muriqui-do-sul","11","12","2018","11","12","2018","11/12/2018","J. Pereira","R. Cunha","Espécime preservado","Brasil","BR","Rio de Janeiro","Rio de Janeiro","Museu Nacional (sede da colecao)","-22.9055","-43.2264","1","Floresta Atlântica"
"MN-0043103","Bertholletia excelsa","Bonpl.","Lecythidaceae","Bertholletia","Castanheira-do-pará","07","03","2024","07","03","2024","07/03/2024","T. Almeida","C. Lima","Material preservado (herbário)","Brasil","BR","Pará","Melgaço","Floresta Nacional de Caxiuanã","-1.71175","-51.48672","4","Floresta de terra firme"
"MN-0043123","Spinus yarrellii","(Audubon, 1839)","Fringillidae","Spinus","Pintassilgo-do-nordeste","25","12","2022","25","12","2022","25/12/2022","G. Nunes","C. Lima","Observação em campo","Brasil","BR","Bahia","Boa Nova","Parque Nacional de Boa Nova","-14.3903","-40.20259","1","Mata-de-cipó"
"MN-0043585","Anodorhynchus leari","Bonaparte, 1856","Psittacidae","Anodorhynchus","Arara-azul-de-lear","24","07","2020","24","07","2020","24/07/2020","B. Carvalho","G. Nunes","Observação em campo","Brasil","BR","Bahia","Jeremoabo","Estação Ecológica Raso da Catarina","-9.65199","-38.47105","1","Caatinga arbórea"
"MN-0042998","Spinus yarrellii","(Audubon, 1839)","Fringillidae","Spinus","Pintassilgo-do-nordeste","16","05","2017","16","05","2017","16/05/2017","R. Cunha","R. Cunha","Observação","Brasil","BR","Bahia","Boa Nova","Parque Nacional de Boa Nova","-14.327","-40.19698","4","Mata-de-cipó"
"MN-0043273","Procnias nudicollis","(Vieillot, 1817)","Cotingidae","Procnias","Araponga-do-nordeste","16","05","2021","16","05","2021","16/05/2021","D. Rocha","T. Almeida","Observação em campo","Brasil","BR","São Paulo","São Miguel Arcanjo","Parque Estadual Carlos Botelho","-24.07043","-47.97263","3","Floresta Atlântica"
"MN-0043168","Paubrasilia echinata","(Lam.) Gagnon, H.C.Lima & G.P.Lewis","Fabaceae","Paubrasilia","Pau-brasil","28","11","2016","28","02","2017","28/11/2016","M. Andrade","C. Lima","Coleta","Brasil","BR","Bahia","Una","Reserva Biológica de Una","-15.20603","-39.10765","2","Floresta Atlântica"
"","Tangara cyanocephala","(Statius Müller, 1776)","Thraupidae","Tangara","Saíra-militar","27","07","2023","27","09","2023","27/07/2023","R. Cunha","L. Souza","Espécime preservado","Brasil","BR","Pernambuco","Tamandaré","Reserva Biológica de Saltinho","-8.76161","-35.19952","3","Floresta Atlântica"
"MN-0043729","Procnias nudicollis","(Vieillot, 1817)","Cotingidae","Procnias","Araponga-do-nordeste","11","05","2016","11","08","2016","11/05/2016","D. Rocha","F. Oliveira","Registro fotográfico","Brasil","BR","Pernambuco","Tamandaré","Reserva Biológica de Saltinho","-8.72282","-35.14673","2","Floresta Atlântica"
"MN-0043621","Jabiru mycteria","(Lichtenstein, 1819)","Ciconiidae","Jabiru","Tuiuiú","08","04","2016","08","05","2016","08/04/2016","C. Lima","R. Cunha","Observação em campo","Brasil","BR","Mato Grosso do Sul","Corumbá","Estrada Parque Pantanal","-19.00705","-57.67574","4","Planície de inundação do Pantanal"
"DEMO-BASIS-01","Leopardus geoffroyi","(d'Orbigny & Gervais, 1844)","Felidae","Leopardus","Gato-do-mato-grande","21","03","2018","21","03","2018","21/03/2018","A. Maciel","C. Lima","Amostra de tecido","","BR","Rio Grande do Sul","Aceguá","Coxilhas de Aceguá","-31.65","-54.16","1","Campos do Pampa"
"MN-0043196","Paroaria dominicana","(Linnaeus, 1758)","Thraupidae","Paroaria","Cardeal-do-nordeste","10","04","2015","10","04","2015","10/04/2015","C. Lima","P. Santos","Espécime preservado","Brasil","BR","Bahia","Curaçá","Riacho Melância","-9.18883","-39.88142","2","Caatinga arbustiva"
"MN-0042835","Sporophila albogularis","(Spix, 1825)","Thraupidae","Sporophila","Golinho","08","01","2024","08","01","2024","08/01/2024","B. Carvalho","T. Almeida","Coleta","Brasil","BR","Bahia","Jeremoabo","Estação Ecológica Raso da Catarina","-9.63524","-38.53613","3","Caatinga arbórea"
"MN-0043748","Euterpe edulis","Mart.","Arecaceae","Euterpe","Palmito-juçara","08","04","2023","08","06","2023","08/04/2023","M. Andrade","C. Lima","Espécime preservado","Brasil","BR","Rio de Janeiro","Itatiaia","Parque Nacional do Itatiaia","-22.48872","-44.62741","1","Floresta Atlântica montana"
"","Leontopithecus rosalia","(Linnaeus, 1766)","Callitrichidae","Leontopithecus","Mico-leão-dourado","24","07","2021","24","08","2021","24/07/2021","D. Rocha","D. Rocha","Observação em campo","Brasil","BR","Rio de Janeiro","Silva Jardim","Reserva Biológica de Poço das Antas","-22.51404","-42.23387","1","Floresta Atlântica"
"MN-0043218","Tangara cyanocephala","(Statius Müller, 1776)","Thraupidae","Tangara","Saíra-militar","19","08","2016","19","08","2016","19/08/2016","T. Almeida","R. Cunha","Observação","Brasil","BR","São Paulo","São Miguel Arcanjo","Parque Estadual Carlos Botelho","-24.0541","-47.93814","3","Floresta Atlântica"
"MN-0043396","Caryocar brasiliense","Cambess.","Caryocaraceae","Caryocar","Pequi","09","09","2024","09","12","2024","09/09/2024 07:44","D. Rocha","B. Carvalho","Material preservado (herbário)","Brasil","BR","Distrito Federal","Brasília","Estação Ecológica de Águas Emendadas","-15.56062","-47.6319","4","Cerrado / vereda"
"MN-0042953","Rhea americana","(Linnaeus, 1758)","Rheidae","Rhea","Ema","","01","2020","","01","2020","01/2020","B. Carvalho","A. Maciel","Observação em campo","Brasil","BR","Goiás","Mineiros","Parque Nacional das Emas","-18.2505","-52.95199","1","Cerrado / campo limpo"
"MN-0042824","Dipteryx alata","Vogel","Fabaceae","Dipteryx","Baru","","02","2017","","02","2017","02/2017","B. Carvalho","F. Oliveira","Material preservado (herbário)","Brasil","BR","Goiás","Mineiros","Parque Nacional das Emas","-18.28675","-52.9585","2","Cerrado / campo limpo"
"MN-0042914","Penelope jacucaca","Spix, 1825","Cracidae","Penelope","Jacucaca","03","08","2018","03","08","2018","03/08/2018","F. Oliveira","P. Santos","Observação em campo","Brasil","BR","Bahia","Jeremoabo","Estação Ecológica Raso da Catarina","-9.60465","-38.47079","1","Caatinga arbórea"
"MN-0042961","Amazona pretrei","(Temminck, 1830)","Psittacidae","Amazona","Papagaio-charão","17","10","2021","17","10","2021","17/10/2021","T. Almeida","C. Lima","Observação em campo","","BR","Rio Grande do Sul","Carazinho","Floresta Nacional de Carazinho","-28.28853","-52.76088","1","Floresta com Araucária"
"MN-0043146","Dipteryx alata","Vogel","Fabaceae","Dipteryx","Baru","04","08","2024","04","08","2024","04/08/2024","B. Carvalho","B. Carvalho","Espécime preservado","Brasil","BR","Goiás","Mineiros","Parque Nacional das Emas","-18.24203","-52.89274","1","Cerrado / campo limpo"
"MN-0042964","Bertholletia excelsa","Bonpl.","Lecythidaceae","Bertholletia","Castanheira-do-pará","15","03","2021","15","03","2021","15/03/2021","J. Pereira","F. Oliveira","Coleta","Brasil","BR","Mato Grosso","Novo Mundo","RPPN Cristalino","-9.61272","-55.92986","1","Floresta amazônica (sul)"
"MN-0043548","Anodorhynchus leari","Bonaparte, 1856","Psittacidae","Anodorhynchus","Arara-azul-de-lear","24","10","2024","24","12","2024","24/10/2024","D. Rocha","C. Lima","Observação","Brasil","BR","Bahia","Canudos","ARIE Serra Branca","-9.93728","-38.98438","3","Caatinga arbórea"
"MN-0043554","Penelope jacucaca","Spix, 1825","Cracidae","Penelope","Jacucaca","23","02","2021","23","05","2021","23/02/2021","G. Nunes","T. Almeida","Observação em campo","Brasil","BR","Pernambuco","Buíque","Parque Nacional do Catimbau","-8.54318","-37.23597","2","Caatinga arbórea"
"MN-0043015","Sporophila albogularis","(Spix, 1825)","Thraupidae","Sporophila","Golinho","08","10","2020","08","10","2020","08/10/2020","T. Almeida","J. Pereira","Espécime preservado","Brasil","BR","Pernambuco","Buíque","Parque Nacional do Catimbau","-8.51824","-37.222","1","Caatinga arbórea"
"MN-0042884","Anodorhynchus hyacinthinus","(Latham, 1790)","Psittacidae","Anodorhynchus","Arara-azul-grande","20","07","2015","20","10","2015","20/07/2015","G. Nunes","T. Almeida","Observação","Brasil","BR","Mato Grosso","Poconé","Porto Jofre (Transpantaneira)","-17.37152","-56.73802","2","Planície de inundação do Pantanal"
"MN-0043260","Butia odorata","(Barb.Rodr.) Noblick","Arecaceae","Butia","Butiá","09","09","2021","09","12","2021","09/09/2021","B. Carvalho","D. Rocha","Coleta","Brasil","BR","Rio Grande do Sul","Canguçu","Serra do Sudeste (zona rural)","-31.4395","-52.65266","3","Campos do Pampa"
"MN-0043283","Myrmecophaga tridactyla","Linnaeus, 1758","Myrmecophagidae","Myrmecophaga","Tamanduá-bandeira","01","11","2019","01","11","2020","01/11/2019","M. Andrade","P. Santos","Armadilha fotográfica","Brasil","BR","Goiás","Mineiros","Parque Nacional das Emas","-18.25236","-52.93736","2","Cerrado / campo limpo"
"MN-0042867","Caryocar brasiliense","Cambess.","Caryocaraceae","Caryocar","Pequi","28","07","2024","28","10","2024","28/07/2024","G. Nunes","R. Cunha","Espécime preservado","Brasil","BR","Goiás","Alto Paraíso de Goiás","Parque Nacional da Chapada dos Veadeiros","-14.15804","-47.51829","1","Cerrado sentido restrito"
"MN-0043261","Glaucis dohrnii","(Bourcier & Mulsant, 1852)","Trochilidae","Glaucis","Rabo-branco-de-margarette","16","09","2020","16","11","2020","16/09/2020","J. Pereira","J. Pereira","Observação em campo","Brasil","BR","Bahia","Una","Reserva Biológica de Una","-15.13418","-39.06912","3","Floresta Atlântica"
"MN-0043489","Amazona pretrei","(Temminck, 1830)","Psittacidae","Amazona","Papagaio-charão","15","10","2016","15","10","2016","15/10/2016","A. Maciel","F. Oliveira","Registro fotográfico","Brasil","BR","Rio Grande do Sul","Carazinho","Floresta Nacional de Carazinho","-28.30617","-52.82817","2","Floresta com Araucária"
"MN-0043171","Bertholletia excelsa","Bonpl.","Lecythidaceae","Bertholletia","Castanheira-do-pará","03","11","2018","03","11","2018","03/11/2018","P. Santos","J. Pereira","Espécime preservado","Brasil","BR","Pará","Melgaço","Floresta Nacional de Caxiuanã","-1.76663","-51.46393","1","Floresta de terra firme"
"MN-0043432","Leopardus geoffroyi","(d'Orbigny & Gervais, 1844)","Felidae","Leopardus","Gato-do-mato-grande","03","01","2015","03","06","2015","2015/01/03","G. Nunes","J. Pereira","Armadilha fotográfica","Brasil","BR","Rio Grande do Sul","Aceguá","Coxilhas de Aceguá","-31.68043","-54.17178","1","Campos do Pampa"
"MN-0043401","Myrmecophaga tridactyla","Linnaeus, 1758","Myrmecophagidae","Myrmecophaga","Tamanduá-bandeira","12","06","2019","12","10","2019","12/06/2019","D. Rocha","B. Carvalho","Observação em campo","Brasil","BR","Goiás","Alto Paraíso de Goiás","Parque Nacional da Chapada dos Veadeiros","-14.09221","-47.53124","","Cerrado sentido restrito"
"MN-0043365","Chrysocyon brachyurus","(Illiger, 1815)","Canidae","Chrysocyon","Lobo-guará","","01","2016","","01","2017","01/2016","F. Oliveira","J. Pereira","Armadilha fotográfica","Brasil","BR","Minas Gerais","São Roque de Minas","Parque Nacional da Serra da Canastra","-20.31022","-46.52626","1","Campo rupestre / rio de planalto"
"MN-0043863","Ramphastos tucanus","Linnaeus, 1758","Ramphastidae","Ramphastos","Tucano-grande-de-papo-branco","19","12","2015","19","02","2016","19/12/2015","C. Lima","P. Santos","Observação em campo","Brasil","BR","Amazonas","Manaus","Reserva Florestal Adolpho Ducke","-2.98483","-59.97138","2","Floresta de terra firme"
"MN-0043311","Anodorhynchus leari","Bonaparte, 1856","Psittacidae","Anodorhynchus","Arara-azul-de-lear","","09","2018","","09","2018","09/2018","C. Lima","P. Santos","Observação","Brasil","BR","Bahia","Jeremoabo","Estação Ecológica Raso da Catarina","-9.62408","-38.48218","5","Caatinga arbórea"
"MN-0043062","Cereus jamacaru","DC.","Cactaceae","Cereus","Mandacaru","13","05","2023","13","07","2023","13/05/2023","L. Souza","C. Lima","Material preservado (herbário)","Brasil","BR","Bahia","Jeremoabo","Estação Ecológica Raso da Catarina","-9.59409","-38.5001","3","Caatinga arbórea"
"MN-0043106","Penelope jacucaca","Spix, 1825","Cracidae","Penelope","Jacucaca","11","06","2017","11","09","2017","11/06/2017","B. Carvalho","R. Cunha","Observação","Brasil","BR","Bahia","Boa Nova","Parque Nacional de Boa Nova","-14.31614","-40.19002","2","Mata-de-cipó"
"MN-0043414","Jabiru mycteria","(Lichtenstein, 1819)","Ciconiidae","Jabiru","Tuiuiú","22","11","2015","22","12","2015","22/11/2015","L. Souza","P. Santos","Observação em campo","Brasil","BR","Mato Grosso do Sul","Miranda","RPPN Caiman","-19.98278","-56.29193","5","Planície de inundação do Pantanal"
"MN-0043520","Ramphastos tucanus","Linnaeus, 1758","Ramphastidae","Ramphastos","Tucano-grande-de-papo-branco","22","02","2016","22","02","2016","22/02/2016","J. Pereira","J. Pereira","Registro fotográfico","Brasil","BR","Pará","Melgaço","Floresta Nacional de Caxiuanã","-1.71891","-51.47101","2","Floresta de terra firme"
"MN-0043539","Myrmecophaga tridactyla","Linnaeus, 1758","Myrmecophagidae","Myrmecophaga","Tamanduá-bandeira","24","09","2022","24","04","2023","24/09/2022","J. Pereira","B. Carvalho","Registro fotográfico","Brasil","BR","Goiás","Mineiros","Parque Nacional das Emas","-18.25486","-52.90297","1","Cerrado / campo limpo"
"MN-0043222","Mycteria americana","Linnaeus, 1758","Ciconiidae","Mycteria","Cabeça-seca","24","07","2019","24","07","2019","24/07/2019","J. Pereira","C. Lima","Observação em campo","Brasil","BR","Mato Grosso","Poconé","Porto Jofre (Transpantaneira)","-17.3918","-56.72559","2","Planície de inundação do Pantanal"
"MN-0043433","Spinus yarrellii","(Audubon, 1839)","Fringillidae","Spinus","Pintassilgo-do-nordeste","19","06","2018","19","06","2018","19/06/2018","R. Cunha","T. Almeida","Observação","Brasil","BR","Bahia","Boa Nova","Parque Nacional de Boa Nova","-14.37479","-40.21773","2","Mata-de-cipó"
"MN-0043322","Sporophila albogularis","(Spix, 1825)","Thraupidae","Sporophila","Golinho","27","02","2016","27","03","2016","27/02/2016","T. Almeida","A. Maciel","Espécime preservado","Brasil","BR","Pernambuco","Buíque","Parque Nacional do Catimbau","-8.52817","-37.27512","1","Caatinga arbórea"
"MN-0043667","Bertholletia excelsa","Bonpl.","Lecythidaceae","Bertholletia","Castanheira-do-pará","04","09","2021","04","10","2021","04/09/2021","C. Lima","R. Cunha","Coleta","Brasil","BR","Mato Grosso","Novo Mundo","RPPN Cristalino","-9.56908","-55.96051","1","Floresta amazônica (sul)"
"MN-0043179","Antilophia galeata","(Lichtenstein, 1823)","Pipridae","Antilophia","Soldadinho","27","06","2018","27","09","2018","27/06/2018","L. Souza","D. Rocha","Coleta","Brasil","BR","Distrito Federal","Brasília","Estação Ecológica de Águas Emendadas","-15.57282","-47.59727","1","Cerrado / vereda"
"MN-0043701","Xanthopsar flavus","(Gmelin, 1788)","Icteridae","Xanthopsar","Veste-amarela","20","06","2020","20","06","2020","20/06/2020","B. Carvalho","R. Cunha","Observação em campo","Brasil","BR","Rio Grande do Sul","Canguçu","Serra do Sudeste (zona rural)","-31.44284","-52.66257","5","Campos do Pampa"
"MN-0043867","Tangara cyanocephala","(Statius Müller, 1776)","Thraupidae","Tangara","Saíra-militar","","05","2019","","05","2019","05/2019","C. Lima","F. Oliveira","Coleta","Brasil","BR","Alagoas","Quebrangulo","Estação Ecológica de Pedra Talhada","-9.22103","-36.47217","","Brejo de altitude"
"MN-0043591","Ramphastos tucanus","Linnaeus, 1758","Ramphastidae","Ramphastos","Tucano-grande-de-papo-branco","08","11","2024","08","01","2025","08/11/2024 10:13","G. Nunes","A. Maciel","Observação","Brasil","BR","Mato Grosso","Novo Mundo","RPPN Cristalino","-9.6253","-55.97108","1","Floresta amazônica (sul)"
"MN-0043670","Leontopithecus rosalia","(Linnaeus, 1766)","Callitrichidae","Leontopithecus","Mico-leão-dourado","15","01","2019","15","03","2019","15/01/2019","C. Lima","B. Carvalho","Observação em campo","Brasil","BR","Rio de Janeiro","Silva Jardim","Reserva Biológica de Poço das Antas","-22.57792","-42.29149","3","Floresta Atlântica"
"MN-0043801","Xanthopsar flavus","(Gmelin, 1788)","Icteridae","Xanthopsar","Veste-amarela","04","02","2015","04","02","2015","04/02/2015","A. Maciel","R. Cunha","Observação em campo","Brasil","BR","Rio Grande do Sul","Santa Maria","Morro da Caturrita","-29.65541","-53.77423","1","Campos do Pampa"
"MN-0043374","Swietenia macrophylla","King","Meliaceae","Swietenia","Mogno","05","06","2023","05","08","2023","05/06/2023","C. Lima","D. Rocha","Material preservado (herbário)","Brasil","BR","Pará","Melgaço","Floresta Nacional de Caxiuanã","-1.71406","-51.4388","1","Floresta de terra firme"
"MN-0043403","Euterpe edulis","Mart.","Arecaceae","Euterpe","Palmito-juçara","25","06","2017","25","07","2017","25/06/2017","L. Souza","T. Almeida","Coleta","Brasil","BR","Rio de Janeiro","Itatiaia","Parque Nacional do Itatiaia","-22.49317","-44.5991","1","Floresta Atlântica montana"
"MN-0043326","Swietenia macrophylla","King","Meliaceae","Swietenia","Mogno","14","02","2020","14","04","2020","14/02/2020","F. Oliveira","M. Andrade","Material preservado (herbário)","Brasil","BR","Pará","Melgaço","Floresta Nacional de Caxiuanã","-1.77321","-51.48623","4","Floresta de terra firme"
"MN-0043442","Brachyteles arachnoides","(É. Geoffroy, 1806)","Atelidae","Brachyteles","Muriqui-do-sul","03","08","2019","03","11","2019","03/08/2019","C. Lima","F. Oliveira","Registro fotográfico","Brasil","BR","Rio de Janeiro","Itatiaia","Parque Nacional do Itatiaia","-22.45306","-44.63045","3","Floresta Atlântica montana"
"MN-0043194","Ramphastos tucanus","Linnaeus, 1758","Ramphastidae","Ramphastos","Tucano-grande-de-papo-branco","24","01","2016","24","01","2016","24/01/2016","M. Andrade","C. Lima","Registro fotográfico","Brasil","BR","Mato Grosso","Novo Mundo","RPPN Cristalino","-9.56019","-55.91112","3","Floresta amazônica (sul)"
"MN-0043551","Swietenia macrophylla","King","Meliaceae","Swietenia","Mogno","18","11","2017","18","11","2017","18/11/2017","L. Souza","D. Rocha","Espécime preservado","Brasil","BR","Mato Grosso","Novo Mundo","RPPN Cristalino","-9.5686","-55.89598","4","Floresta amazônica (sul)"
"MN-0043136","Blastocerus dichotomus","(Illiger, 1815)","Cervidae","Blastocerus","Cervo-do-pantanal","27","07","2021","27","10","2021","27/07/2021","M. Andrade","P. Santos","Registro fotográfico","Brasil","BR","Mato Grosso","Poconé","Porto Jofre (Transpantaneira)","-17.32237","-56.7845","1","Planície de inundação do Pantanal"
"","Cereus jamacaru","DC.","Cactaceae","Cereus","Mandacaru","03","12","2021","03","02","2022","03/12/2021","R. Cunha","C. Lima","Espécime preservado","Brasil","BR","Bahia","Jeremoabo","Estação Ecológica Raso da Catarina","-9.58908","-38.469","6","Caatinga arbórea"
"MN-0043540","Brachyteles arachnoides","(É. Geoffroy, 1806)","Atelidae","Brachyteles","Muriqui-do-sul","27","02","2023","27","02","2023","27/02/2023","F. Oliveira","R. Cunha","Observação em campo","Brasil","BR","São Paulo","São Miguel Arcanjo","Parque Estadual Carlos Botelho","-24.07605","-48.02268","1","Floresta Atlântica"
"MN-0043164","Pteronura brasiliensis","(Zimmermann, 1780)","Mustelidae","Pteronura","Ariranha","","12","2016","","12","2016","12/2016","R. Cunha","D. Rocha","Registro fotográfico","Brasil","BR","Mato Grosso","Poconé","Porto Jofre (Transpantaneira)","-17.33059","-56.79128","6","Planície de inundação do Pantanal"
"MN-0043279","Tangara fastuosa","(Lesson, 1831)","Thraupidae","Tangara","Saíra-de-sete-cores","14","08","2023","14","08","2023","14/08/2023","R. Cunha","A. Maciel","Registro fotográfico","Brasil","BR","Pernambuco","Tamandaré","Reserva Biológica de Saltinho","-8.71709","-35.18474","3","Floresta Atlântica"
"MN-0042818","Swietenia macrophylla","King","Meliaceae","Swietenia","Mogno","07","03","2018","07","03","2018","07/03/2018","L. Souza","R. Cunha","Material preservado (herbário)","Brasil","BR","Pará","Melgaço","Floresta Nacional de Caxiuanã","-1.70251","-51.50204","","Floresta de terra firme"
"MN-0043627","Caiman yacare","(Daudin, 1802)","Alligatoridae","Caiman","Jacaré-do-pantanal","23","08","2023","23","10","2023","23/08/2023","F. Oliveira","P. Santos","Observação","BRASIL","BR","Mato Grosso do Sul","Miranda","RPPN Caiman","-19.9166","-56.29383","1","Planície de inundação do Pantanal"
"MN-0043705","Tangara fastuosa","(Lesson, 1831)","Thraupidae","Tangara","Saíra-de-sete-cores","05","04","2019","05","07","2019","05/04/2019","J. Pereira","R. Cunha","Coleta","Brasil","BR","Alagoas","Quebrangulo","Estação Ecológica de Pedra Talhada","-9.28013","-36.4688","1","Brejo de altitude"
"MN-0043197","Prosopis affinis","Spreng.","Fabaceae","Prosopis","Inhanduvá","13","11","2016","13","11","2016","13/11/2016","B. Carvalho","T. Almeida","Espécime preservado","Brasil","BR","Rio Grande do Sul","Barra do Quaraí","Parque Estadual do Espinilho","-30.20423","-57.50518","2","Savana-estépica (Pampa)"
"MN-0043546","Paubrasilia echinata","(Lam.) Gagnon, H.C.Lima & G.P.Lewis","Fabaceae","Paubrasilia","Pau-brasil","19","05","2020","19","05","2020","19/05/2020","F. Oliveira","F. Oliveira","Material preservado (herbário)","Brasil","BR","Bahia","Una","Reserva Biológica de Una","-15.20161","-39.10599","1","Floresta Atlântica"
"MN-0043075","Jabiru mycteria","(Lichtenstein, 1819)","Ciconiidae","Jabiru","Tuiuiú","25","02","2024","25","05","2024","25/02/2024","C. Lima","L. Souza","Observação em campo","Brasil","BR","Mato Grosso do Sul","Miranda","RPPN Caiman","-19.91444","-56.32978","5","Planície de inundação do Pantanal"
"MN-0043317","Paroaria dominicana","(Linnaeus, 1758)","Thraupidae","Paroaria","Cardeal-do-nordeste","28","01","2016","28","02","2016","28/01/2016","L. Souza","L. Souza","Registro fotográfico","Brasil","BR","Pernambuco","Buíque","Parque Nacional do Catimbau","-8.51509","-37.27617","","Caatinga arbórea"
"MN-0043371","Brachyteles arachnoides","(É. Geoffroy, 1806)","Atelidae","Brachyteles","Muriqui-do-sul","01","12","2018","01","12","2018","01/12/2018","T. Almeida","L. Souza","Observação","Brasil","BR","São Paulo","São Miguel Arcanjo","Parque Estadual Carlos Botelho","-24.07533","-47.96484","1","Floresta Atlântica"
"MN-0043847","Swietenia macrophylla","King","Meliaceae","Swietenia","Mogno","19","03","2023","19","06","2023","19/03/2023","M. Andrade","B. Carvalho","Coleta","Brasil","BR","Pará","Melgaço","Floresta Nacional de Caxiuanã","-1.75671","-51.45233","1","Floresta de terra firme"
"MN-0043843","Butia odorata","(Barb.Rodr.) Noblick","Arecaceae","Butia","Butiá","02","02","2023","02","05","2023","02/02/2023","C. Lima","A. Maciel","Espécime preservado","Brasil","BR","Rio Grande do Sul","Canguçu","Serra do Sudeste (zona rural)","-31.39069","-52.71774","2","Campos do Pampa"
"MN-0043001","Anodorhynchus hyacinthinus","(Latham, 1790)","Psittacidae","Anodorhynchus","Arara-azul-grande","16","05","2017","16","08","2017","16/05/2017","B. Carvalho","D. Rocha","Observação em campo","Brasil","BR","Mato Grosso do Sul","Corumbá","Estrada Parque Pantanal","-18.97542","-57.67691","1","Planície de inundação do Pantanal"
"MN-0043476","Tapirus terrestris","(Linnaeus, 1758)","Tapiridae","Tapirus","Anta","18","04","2015","18","01","2016","18/04/2015","P. Santos","G. Nunes","Armadilha fotográfica","Brasil","BR","Goiás","Mineiros","Parque Nacional das Emas","-18.24289","-52.90669","4","Cerrado / campo limpo"
"MN-0043016","Pyrrhura griseipectus","Salvadori, 1900","Psittacidae","Pyrrhura","Tiriba-de-peito-cinza","09","12","2015","09","12","2015","09/12/2015","A. Maciel","F. Oliveira","Observação em campo","Brasil","BR","Ceará","Quixadá","Serra do Estevão","-5.00364","-38.9929","","Caatinga / serra úmida"
"MN-0042960","Tapirus terrestris","(Linnaeus, 1758)","Tapiridae","Tapirus","Anta","10","12","2023","10","01","2025","10/12/2023 11:54","B. Carvalho","T. Almeida","Armadilha fotográfica","Brasil","BR","Mato Grosso","Novo Mundo","RPPN Cristalino","-9.58801","-55.90651","2","Floresta amazônica (sul)"
"MN-0043124","Sturnella superciliaris","(Bonaparte, 1850)","Icteridae","Sturnella","Polícia-inglesa-do-sul","10","12","2015","10","03","2016","10/12/2015","J. Pereira","M. Andrade","Observação em campo","Brasil","BR","Rio Grande do Sul","Aceguá","Coxilhas de Aceguá","-31.63984","-54.12747","3","Campos do Pampa"
"MN-0043674","Cereus jamacaru","DC.","Cactaceae","Cereus","Mandacaru","13","04","2024","13","04","2024","13/04/2024","M. Andrade","C. Lima","Espécime preservado","Brasil","BR","Pernambuco","Buíque","Parque Nacional do Catimbau","-8.50459","-37.28484","4","Caatinga arbórea"
"MN-0042905","Tangara fastuosa","(Lesson, 1831)","Thraupidae","Tangara","Saíra-de-sete-cores","05","03","2020","05","06","2020","05/03/2020","M. Andrade","B. Carvalho","Coleta","","BR","Pernambuco","Tamandaré","Reserva Biológica de Saltinho","-8.69102","-35.17346","1","Floresta Atlântica"
"MN-0043592","Dipteryx alata","Vogel","Fabaceae","Dipteryx","Baru","02","11","2018","02","02","2019","02/11/2018","M. Andrade","G. Nunes","Coleta","Brasil","BR","Goiás","Mineiros","Parque Nacional das Emas","-18.32435","-52.88842","2","Cerrado / campo limpo"
"","Swietenia macrophylla","King","Meliaceae","Swietenia","Mogno","26","04","2019","26","05","2019","26/04/2019","L. Souza","A. Maciel","Coleta","Brasil","BR","Pará","Melgaço","Floresta Nacional de Caxiuanã","-1.76339","-51.4199","1","Floresta de terra firme"
"MN-0042988","Dipteryx alata","Vogel","Fabaceae","Dipteryx","Baru","24","04","2023","24","05","2023","24/04/2023","B. Carvalho","J. Pereira","Material preservado (herbário)","Brasil","BR","Goiás","Alto Paraíso de Goiás","Parque Nacional da Chapada dos Veadeiros","-14.11286","-47.55022","2","Cerrado sentido restrito"
"MN-0042836","Tapirus terrestris","(Linnaeus, 1758)","Tapiridae","Tapirus","Anta","16","03","2022","16","12","2022","2022/03/16","B. Carvalho","F. Oliveira","Observação em campo","BRASIL","BR","Goiás","Mineiros","Parque Nacional das Emas","-18.24033","-52.92695","2","Cerrado / campo limpo"
"MN-0043677","Victoria amazonica","(Poepp.) J.C.Sowerby","Nymphaeaceae","Victoria","Vitória-régia","06","10","2023","06","01","2024","06/10/2023","J. Pereira","C. Lima","Material preservado (herbário)","Brasil","BR","Amazonas","Tefé","RDS Mamirauá","-3.11426","-64.84397","2","Várzea amazônica"
"MN-0042945","Pteronura brasiliensis","(Zimmermann, 1780)","Mustelidae","Pteronura","Ariranha","27","03","2017","27","04","2017","27/03/2017","C. Lima","D. Rocha","Observação em campo","Brasil","BR","Mato Grosso","Poconé","Porto Jofre (Transpantaneira)","-17.38214","-56.77459","3","Planície de inundação do Pantanal"
"MN-0043807","Mycteria americana","Linnaeus, 1758","Ciconiidae","Mycteria","Cabeça-seca","08","01","2015","08","01","2015","08/01/2015","B. Carvalho","D. Rocha","Registro fotográfico","Brasil","BR","Mato Grosso do Sul","Corumbá","Estrada Parque Pantanal","-19.0037","-57.61573","1","Planície de inundação do Pantanal"
"MN-0043511","Leopardus geoffroyi","(d'Orbigny & Gervais, 1844)","Felidae","Leopardus","Gato-do-mato-grande","28","02","2018","28","03","2019","28/02/2018","L. Souza","C. Lima","Observação","Brasil","BR","Rio Grande do Sul","Barra do Quaraí","Parque Estadual do Espinilho","-30.1803","-57.53526","3","Savana-estépica (Pampa)"
"MN-0043804","Blastocerus dichotomus","(Illiger, 1815)","Cervidae","Blastocerus","Cervo-do-pantanal","12","10","2021","12","01","2022","12/10/2021","C. Lima","F. Oliveira","Observação","Brasil","BR","Mato Grosso","Poconé","Porto Jofre (Transpantaneira)","-17.36727","-56.74542","2","Planície de inundação do Pantanal"
"MN-0043720","Sturnella superciliaris","(Bonaparte, 1850)","Icteridae","Sturnella","Polícia-inglesa-do-sul","03","01","2019","03","04","2019","03/01/2019","D. Rocha","G. Nunes","Registro fotográfico","Brasil","BR","Rio Grande do Sul","Santa Maria","Morro da Caturrita","-29.71729","-53.8263","3","Campos do Pampa"
"MN-0043272","Anodorhynchus leari","Bonaparte, 1856","Psittacidae","Anodorhynchus","Arara-azul-de-lear","12","07","2022","12","09","2022","2022/07/12","G. Nunes","B. Carvalho","Registro fotográfico","Brasil","BR","Bahia","Jeremoabo","Estação Ecológica Raso da Catarina","-9.65559","-38.48464","2","Caatinga arbórea"
"MN-0043742","Caryocar brasiliense","Cambess.","Caryocaraceae","Caryocar","Pequi","27","10","2018","27","01","2019","27/10/2018","M. Andrade","A. Maciel","Espécime preservado","","BR","Goiás","Mineiros","Parque Nacional das Emas","-18.28038","-52.89695","3","Cerrado / campo limpo"
"MN-0043305","Panthera onca","(Linnaeus, 1758)","Felidae","Panthera","Onça-pintada","23","11","2018","23","12","2019","23/11/2018 07:27","L. Souza","R. Cunha","Armadilha fotográfica","Brasil","BR","Mato Grosso","Poconé","Porto Jofre (Transpantaneira)","-17.33921","-56.72766","5","Planície de inundação do Pantanal"
"MN-0043850","Paroaria dominicana","(Linnaeus, 1758)","Thraupidae","Paroaria","Cardeal-do-nordeste","22","10","2018","22","11","2018","22/10/2018","F. Oliveira","J. Pereira","Registro fotográfico","Brasil","BR","Pernambuco","Buíque","Parque Nacional do Catimbau","-8.50916","-37.25076","1","Caatinga arbórea"
"MN-0042949","Caryocar brasiliense","Cambess.","Caryocaraceae","Caryocar","Pequi","06","04","2021","06","04","2021","06/04/2021","R. Cunha","P. Santos","Material preservado (herbário)","Brasil","BR","Distrito Federal","Brasília","Estação Ecológica de Águas Emendadas","-15.56003","-47.57358","5","Cerrado / vereda"
"MN-0043249","Jabiru mycteria","(Lichtenstein, 1819)","Ciconiidae","Jabiru","Tuiuiú","28","08","2019","28","11","2019","28/08/2019 04:05","R. Cunha","J. Pereira","Registro fotográfico","Brasil","BR","Mato Grosso do Sul","Miranda","RPPN Caiman","-19.92506","-56.26631","2","Planície de inundação do Pantanal"
"MN-0042919","Chrysocyon brachyurus","(Illiger, 1815)","Canidae","Chrysocyon","Lobo-guará","27","08","2023","27","12","2024","27/08/2023","R. Cunha","M. Andrade","Armadilha fotográfica","Brasil","BR","Minas Gerais","São Roque de Minas","Parque Nacional da Serra da Canastra","-20.26596","-46.52776","1","Campo rupestre / rio de planalto"
"MN-0043563","Anodorhynchus leari","Bonaparte, 1856","Psittacidae","Anodorhynchus","Arara-azul-de-lear","27","07","2015","27","09","2015","27/07/2015","C. Lima","M. Andrade","Registro fotográfico","Brasil","BR","Bahia","Jeremoabo","Estação Ecológica Raso da Catarina","-9.61356","-38.50247","1","Caatinga arbórea"
"MN-0043718","Tangara fastuosa","(Lesson, 1831)","Thraupidae","Tangara","Saíra-de-sete-cores","07","04","2022","07","06","2022","07/04/2022","C. Lima","T. Almeida","Espécime preservado","Brasil","BR","Alagoas","Quebrangulo","Estação Ecológica de Pedra Talhada","-9.22401","-36.44578","1","Brejo de altitude"
"MN-0042834","Crax blumenbachii","Spix, 1825","Cracidae","Crax","Mutum-do-sudeste","16","01","2016","16","01","2016","16/01/2016","C. Lima","F. Oliveira","Observação em campo","Brasil","BR","Espírito Santo","Linhares","Reserva Natural Vale","-19.15151","-40.10792","3","Floresta de tabuleiro"
"MN-0043640","Sturnella superciliaris","(Bonaparte, 1850)","Icteridae","Sturnella","Polícia-inglesa-do-sul","02","03","2016","02","03","2016","02/03/2016","M. Andrade","P. Santos","Registro fotográfico","Brasil","BR","Rio Grande do Sul","Aceguá","Coxilhas de Aceguá","-31.64352","-54.11836","2","Campos do Pampa"
"MN-0043138","Paubrasilia echinata","(Lam.) Gagnon, H.C.Lima & G.P.Lewis","Fabaceae","Paubrasilia","Pau-brasil","16","07","2021","16","07","2021","16/07/2021","T. Almeida","R. Cunha","Coleta","Brasil","BR","Bahia","Una","Reserva Biológica de Una","-15.19533","-39.11085","4","Floresta Atlântica"
"MN-0043243","Tangara fastuosa","(Lesson, 1831)","Thraupidae","Tangara","Saíra-de-sete-cores","11","07","2018","11","07","2018","11/07/2018","L. Souza","J. Pereira","Coleta","Brasil","BR","Alagoas","Quebrangulo","Estação Ecológica de Pedra Talhada","-9.2677","-36.42988","1","Brejo de altitude"
"MN-0043610","Antilophia galeata","(Lichtenstein, 1823)","Pipridae","Antilophia","Soldadinho","16","12","2024","16","02","2025","16/12/2024","F. Oliveira","D. Rocha","Registro fotográfico","Brasil","BR","Goiás","Alto Paraíso de Goiás","Parque Nacional da Chapada dos Veadeiros","-14.16691","-47.53586","4","Cerrado sentido restrito"
"MN-0043072","Tangara cyanocephala","(Statius Müller, 1776)","Thraupidae","Tangara","Saíra-militar","10","02","2019","10","02","2019","10/02/2019","F. Oliveira","M. Andrade","Coleta","BRASIL","BR","Pernambuco","Tamandaré","Reserva Biológica de Saltinho","-8.68918","-35.19946","2","Floresta Atlântica"
"MN-0043618","Swietenia macrophylla","King","Meliaceae","Swietenia","Mogno","19","08","2021","19","08","2021","19/08/2021","G. Nunes","D. Rocha","Material preservado (herbário)","Brasil","BR","Pará","Melgaço","Floresta Nacional de Caxiuanã","-1.70209","-51.45316","1","Floresta de terra firme"
"","Penelope jacucaca","Spix, 1825","Cracidae","Penelope","Jacucaca","22","07","2021","22","07","2021","22/07/2021","M. Andrade","R. Cunha","Registro fotográfico","Brasil","BR","Bahia","Jeremoabo","Estação Ecológica Raso da Catarina","-9.58524","-38.52831","2","Caatinga arbórea"
"MN-0042944","Spinus yarrellii","(Audubon, 1839)","Fringillidae","Spinus","Pintassilgo-do-nordeste","26","05","2016","26","05","2016","26/05/2016","F. Oliveira","M. Andrade","Registro fotográfico","BRASIL","BR","Ceará","Quixadá","Serra do Estevão","-4.99983","-39.02519","3","Caatinga / serra úmida"
"MN-0043096","Euterpe edulis","Mart.","Arecaceae","Euterpe","Palmito-juçara","","02","2019","","05","2019","02/2019","L. Souza","J. Pereira","Coleta","Brasil","BR","São Paulo","São Miguel Arcanjo","Parque Estadual Carlos Botelho","-24.04095","-48.02099","2","Floresta Atlântica"
"MN-0043513","Ateles paniscus","(Linnaeus, 1758)","Atelidae","Ateles","Macaco-aranha-de-cara-vermelha","10","10","2016","10","10","2016","10/10/2016","C. Lima","F. Oliveira","Registro fotográfico","Brasil","BR","Pará","Melgaço","Floresta Nacional de Caxiuanã","-1.75855","-51.43335","1","Floresta de terra firme"
"MN-0043242","Jabiru mycteria","(Lichtenstein, 1819)","Ciconiidae","Jabiru","Tuiuiú","27","11","2017","27","11","2017","27/11/2017","B. Carvalho","J. Pereira","Observação","Brasil","BR","Mato Grosso","Poconé","Porto Jofre (Transpantaneira)","-17.33617","-56.77645","1","Planície de inundação do Pantanal"
"MN-0043681","Chrysocyon brachyurus","(Illiger, 1815)","Canidae","Chrysocyon","Lobo-guará","26","10","2022","26","12","2023","26/10/2022 20:36","J. Pereira","M. Andrade","Armadilha fotográfica","Brasil","BR","Goiás","Alto Paraíso de Goiás","Parque Nacional da Chapada dos Veadeiros","-14.13399","-47.50941","4","Cerrado sentido restrito"
"MN-0042875","Bertholletia excelsa","Bonpl.","Lecythidaceae","Bertholletia","Castanheira-do-pará","16","07","2018","16","10","2018","16/07/2018","B. Carvalho","F. Oliveira","Espécime preservado","Brasil","BR","Mato Grosso","Novo Mundo","RPPN Cristalino","-9.58776","-55.89384","1","Floresta amazônica (sul)"
"MN-0043545","Paubrasilia echinata","(Lam.) Gagnon, H.C.Lima & G.P.Lewis","Fabaceae","Paubrasilia","Pau-brasil","22","08","2019","22","09","2019","22/08/2019","T. Almeida","T. Almeida","Material preservado (herbário)","Brasil","BR","Espírito Santo","Linhares","Reserva Natural Vale","-19.12002","-40.09537","1","Floresta de tabuleiro"
"MN-0042957","Myrmecophaga tridactyla","Linnaeus, 1758","Myrmecophagidae","Myrmecophaga","Tamanduá-bandeira","14","08","2021","14","11","2021","14/08/2021","M. Andrade","D. Rocha","Armadilha fotográfica","Brasil","BR","Goiás","Alto Paraíso de Goiás","Parque Nacional da Chapada dos Veadeiros","-14.14511","-47.51397","2","Cerrado sentido restrito"
"MN-0043209","Jabiru mycteria","(Lichtenstein, 1819)","Ciconiidae","Jabiru","Tuiuiú","18","10","2023","18","10","2023","18/10/2023","J. Pereira","B. Carvalho","Observação","Brasil","BR","Mato Grosso do Sul","Corumbá","Estrada Parque Pantanal","-19.02156","-57.62868","1","Planície de inundação do Pantanal"
"MN-0043005","Xanthopsar flavus","(Gmelin, 1788)","Icteridae","Xanthopsar","Veste-amarela","26","10","2015","26","01","2016","26/10/2015","P. Santos","T. Almeida","Registro fotográfico","Brasil","BR","Rio Grande do Sul","Santa Maria","Morro da Caturrita","-29.66269","-53.82718","2","Campos do Pampa"
"MN-0043575","Brachyteles arachnoides","(É. Geoffroy, 1806)","Atelidae","Brachyteles","Muriqui-do-sul","11","11","2015","11","01","2016","11/11/2015","P. Santos","M. Andrade","Registro fotográfico","Brasil","BR","Rio de Janeiro","Itatiaia","Parque Nacional do Itatiaia","-22.43362","-44.59073","2","Floresta Atlântica montana"
"MN-0043404","Phylloscartes ceciliae","Teixeira, 1987","Tyrannidae","Phylloscartes","Cara-pintada","26","03","2023","26","03","2023","26/03/2023","C. Lima","C. Lima","Registro fotográfico","Brasil","BR","Alagoas","Murici","Estação Ecológica de Murici","-9.24989","-35.88165","2","Floresta Atlântica"
"MN-0043101","Crax blumenbachii","Spix, 1825","Cracidae","Crax","Mutum-do-sudeste","15","10","2021","15","10","2021","15/10/2021","R. Cunha","L. Souza","Observação","Brasil","BR","Espírito Santo","Linhares","Reserva Natural Vale","-19.14647","-40.04464","","Floresta de tabuleiro"
"MN-0043017","Dipteryx alata","Vogel","Fabaceae","Dipteryx","Baru","23","10","2018","23","10","2018","23/10/2018","M. Andrade","M. Andrade","Coleta","Brasil","BR","Goiás","Alto Paraíso de Goiás","Parque Nacional da Chapada dos Veadeiros","-14.09935","-47.52348","2","Cerrado sentido restrito"
"MN-0043482","Chrysocyon brachyurus","(Illiger, 1815)","Canidae","Chrysocyon","Lobo-guará","20","06","2020","20","08","2021","20/06/2020","G. Nunes","J. Pereira","Registro fotográfico","Brasil","BR","Goiás","Alto Paraíso de Goiás","Parque Nacional da Chapada dos Veadeiros","-14.171","-47.54654","3","Cerrado sentido restrito"
"MN-0043297","Amazona pretrei","(Temminck, 1830)","Psittacidae","Amazona","Papagaio-charão","16","04","2020","16","04","2020","16/04/2020","T. Almeida","M. Andrade","Observação","Brasil","BR","Rio Grande do Sul","Carazinho","Floresta Nacional de Carazinho","-28.28629","-52.78292","1","Floresta com Araucária"
"MN-0042848","Dipteryx alata","Vogel","Fabaceae","Dipteryx","Baru","","03","2017","","06","2017","03/2017","T. Almeida","C. Lima","Espécime preservado","Brasil","BR","Goiás","Alto Paraíso de Goiás","Parque Nacional da Chapada dos Veadeiros","-14.14826","-47.52477","6","Cerrado sentido restrito"
"MN-0042962","Dipteryx alata","Vogel","Fabaceae","Dipteryx","Baru","17","08","2018","17","08","2018","17/08/2018","D. Rocha","F. Oliveira","Espécime preservado","Brasil","BR","Goiás","Mineiros","Parque Nacional das Emas","-18.31673","-52.88694","1","Cerrado / campo limpo"
"MN-0043354","Tangara cyanocephala","(Statius Müller, 1776)","Thraupidae","Tangara","Saíra-militar","11","06","2020","11","07","2020","11/06/2020","R. Cunha","M. Andrade","Observação","Brasil","BR","Pernambuco","Tamandaré","Reserva Biológica de Saltinho","-8.70487","-35.2051","2","Floresta Atlântica"
"MN-0043560","Jabiru mycteria","(Lichtenstein, 1819)","Ciconiidae","Jabiru","Tuiuiú","22","08","2017","22","08","2017","22/08/2017","L. Souza","C. Lima","Observação","BRASIL","BR","Mato Grosso","Poconé","Porto Jofre (Transpantaneira)","-17.36182","-56.72677","1","Planície de inundação do Pantanal"
"MN-0043070","Anodorhynchus hyacinthinus","(Latham, 1790)","Psittacidae","Anodorhynchus","Arara-azul-grande","06","08","2016","06","10","2016","06/08/2016","F. Oliveira","T. Almeida","Observação em campo","Brasil","BR","Mato Grosso do Sul","Miranda","RPPN Caiman","-19.98229","-56.31322","1","Planície de inundação do Pantanal"
"MN-0043875","Jabiru mycteria","(Lichtenstein, 1819)","Ciconiidae","Jabiru","Tuiuiú","12","05","2020","12","05","2020","12/05/2020","L. Souza","M. Andrade","Registro fotográfico","Brasil","BR","Mato Grosso","Poconé","Porto Jofre (Transpantaneira)","-17.32349","-56.78936","","Planície de inundação do Pantanal"
"MN-0042881","Cereus jamacaru","DC.","Cactaceae","Cereus","Mandacaru","10","07","2020","10","07","2020","10/07/2020","C. Lima","F. Oliveira","Espécime preservado","BRASIL","BR","Pernambuco","Buíque","Parque Nacional do Catimbau","-8.55956","-37.20739","2","Caatinga arbórea"
"MN-0043088","Brachyteles arachnoides","(É. Geoffroy, 1806)","Atelidae","Brachyteles","Muriqui-do-sul","27","03","2018","27","03","2018","27/03/2018","G. Nunes","B. Carvalho","Observação","Brasil","BR","São Paulo","São Miguel Arcanjo","Parque Estadual Carlos Botelho","-24.08455","-47.99947","3","Floresta Atlântica"
"MN-0043392","Chrysocyon brachyurus","(Illiger, 1815)","Canidae","Chrysocyon","Lobo-guará","22","04","2020","22","04","2021","22/04/2020","R. Cunha","B. Carvalho","Armadilha fotográfica","Brasil","BR","Goiás","Alto Paraíso de Goiás","Parque Nacional da Chapada dos Veadeiros","-14.149","-47.56388","2","Cerrado sentido restrito"
"MN-0043008","Ramphastos tucanus","Linnaeus, 1758","Ramphastidae","Ramphastos","Tucano-grande-de-papo-branco","06","05","2016","06","06","2016","06/05/2016","C. Lima","R. Cunha","Registro fotográfico","Brasil","BR","Pará","Melgaço","Floresta Nacional de Caxiuanã","-1.71851","-51.45375","1","Floresta de terra firme"
"MN-0043255","Chrysocyon brachyurus","(Illiger, 1815)","Canidae","Chrysocyon","Lobo-guará","13","03","2021","13","08","2021","13/03/2021","P. Santos","T. Almeida","Armadilha fotográfica","Brasil","BR","Goiás","Alto Paraíso de Goiás","Parque Nacional da Chapada dos Veadeiros","-14.13582","-47.51919","1","Cerrado sentido restrito"
"MN-0043503","Prosopis affinis","Spreng.","Fabaceae","Prosopis","Inhanduvá","12","07","2018","12","10","2018","12/07/2018","A. Maciel","G. Nunes","Material preservado (herbário)","Brasil","BR","Rio Grande do Sul","Barra do Quaraí","Parque Estadual do Espinilho","-30.16213","-57.50596","3","Savana-estépica (Pampa)"
"MN-0043205","Pteronura brasiliensis","(Zimmermann, 1780)","Mustelidae","Pteronura","Ariranha","","06","2016","","06","2016","06/2016","P. Santos","P. Santos","Observação","Brasil","BR","Mato Grosso","Poconé","Porto Jofre (Transpantaneira)","-17.39453","-56.78195","3","Planície de inundação do Pantanal"
"MN-0043800","Tapirus terrestris","(Linnaeus, 1758)","Tapiridae","Tapirus","Anta","16","12","2022","16","03","2023","16/12/2022","R. Cunha","D. Rocha","Armadilha fotográfica","Brasil","BR","Goiás","Mineiros","Parque Nacional das Emas","-18.26714","-52.88665","6","Cerrado / campo limpo"
"MN-0042895","Butia odorata","(Barb.Rodr.) Noblick","Arecaceae","Butia","Butiá","13","02","2020","13","02","2020","2020/02/13","F. Oliveira","G. Nunes","Material preservado (herbário)","Brasil","BR","Rio Grande do Sul","Canguçu","Serra do Sudeste (zona rural)","-31.3727","-52.7213","","Campos do Pampa"
"MN-0043097","Butia odorata","(Barb.Rodr.) Noblick","Arecaceae","Butia","Butiá","15","12","2023","15","03","2024","15/12/2023","B. Carvalho","J. Pereira","Material preservado (herbário)","Brasil","BR","Rio Grande do Sul","Aceguá","Coxilhas de Aceguá","-31.67778","-54.1302","5","Campos do Pampa"
"MN-0043167","Swietenia macrophylla","King","Meliaceae","Swietenia","Mogno","13","03","2023","13","03","2023","13/03/2023","P. Santos","B. Carvalho","Material preservado (herbário)","Brasil","BR","Mato Grosso","Novo Mundo","RPPN Cristalino","-9.5677","-55.95562","1","Floresta amazônica (sul)"
"MN-0043356","Caiman yacare","(Daudin, 1802)","Alligatoridae","Caiman","Jacaré-do-pantanal","08","09","2017","08","12","2017","08/09/2017","G. Nunes","T. Almeida","Observação","Brasil","BR","Mato Grosso","Poconé","Porto Jofre (Transpantaneira)","-17.33965","-56.73808","4","Planície de inundação do Pantanal"
"MN-0043549","Pteronura brasiliensis","(Zimmermann, 1780)","Mustelidae","Pteronura","Ariranha","09","10","2015","09","10","2015","09/10/2015","L. Souza","C. Lima","Observação em campo","Brasil","BR","Mato Grosso","Novo Mundo","RPPN Cristalino","-9.55688","-55.92637","4","Floresta amazônica (sul)"
"MN-0043472","Caiman yacare","(Daudin, 1802)","Alligatoridae","Caiman","Jacaré-do-pantanal","18","12","2017","18","12","2017","18/12/2017","A. Maciel","A. Maciel","Registro fotográfico","Brasil","BR","Mato Grosso do Sul","Miranda","RPPN Caiman","-19.98967","-56.2768","1","Planície de inundação do Pantanal"
"MN-0043060","Tangara fastuosa","(Lesson, 1831)","Thraupidae","Tangara","Saíra-de-sete-cores","","10","2021","","12","2021","10/2021","G. Nunes","B. Carvalho","Observação","Brasil","BR","Pernambuco","Tamandaré","Reserva Biológica de Saltinho","-8.70255","-35.13278","1","Floresta Atlântica"
"","Panthera onca","(Linnaeus, 1758)","Felidae","Panthera","Onça-pintada","21","05","2020","21","08","2021","21/05/2020","D. Rocha","B. Carvalho","Armadilha fotográfica","Brasil","BR","Mato Grosso","Poconé","Porto Jofre (Transpantaneira)","-17.37298","-56.74944","1","Planície de inundação do Pantanal"
"MN-0043871","Psophia viridis","Spix, 1825","Psophiidae","Psophia","Jacamim-de-costas-verdes","09","07","2024","09","07","2024","09/07/2024","R. Cunha","L. Souza","Observação","Brasil","BR","Mato Grosso","Novo Mundo","RPPN Cristalino","-9.62205","-55.93731","1","Floresta amazônica (sul)"
"","Ramphastos tucanus","Linnaeus, 1758","Ramphastidae","Ramphastos","Tucano-grande-de-papo-branco","17","05","2023","17","05","2023","17/05/2023","A. Maciel","P. Santos","Registro fotográfico","Brasil","BR","Amazonas","Manaus","Reserva Florestal Adolpho Ducke","-2.93754","-59.9451","1","Floresta de terra firme"
"MN-0043707","Mergus octosetaceus","Vieillot, 1817","Anatidae","Mergus","Pato-mergulhão","26","08","2021","26","10","2021","26/08/2021","F. Oliveira","G. Nunes","Registro fotográfico","Brasil","BR","Minas Gerais","São Roque de Minas","Parque Nacional da Serra da Canastra","-20.26011","-46.54619","1","Campo rupestre / rio de planalto"
"MN-0043813","Brachyteles arachnoides","(É. Geoffroy, 1806)","Atelidae","Brachyteles","Muriqui-do-sul","20","05","2019","20","08","2019","20/05/2019","A. Maciel","M. Andrade","Observação","Brasil","BR","Rio de Janeiro","Itatiaia","Parque Nacional do Itatiaia","-22.40721","-44.56511","1","Floresta Atlântica montana"
"MN-0043649","Anodorhynchus leari","Bonaparte, 1856","Psittacidae","Anodorhynchus","Arara-azul-de-lear","17","05","2023","17","06","2023","17/05/2023","F. Oliveira","J. Pereira","Observação em campo","Brasil","BR","Bahia","Jeremoabo","Estação Ecológica Raso da Catarina","-9.63864","-38.49704","2","Caatinga arbórea"
"MN-0043711","Butia odorata","(Barb.Rodr.) Noblick","Arecaceae","Butia","Butiá","03","07","2016","03","09","2016","03/07/2016","T. Almeida","D. Rocha","Coleta","Brasil","BR","Rio Grande do Sul","Canguçu","Serra do Sudeste (zona rural)","-31.43748","-52.63937","3","Campos do Pampa"
"MN-0043584","Swietenia macrophylla","King","Meliaceae","Swietenia","Mogno","26","09","2023","26","09","2023","26/09/2023","C. Lima","T. Almeida","Material preservado (herbário)","Brasil","BR","Mato Grosso","Novo Mundo","RPPN Cristalino","-9.59753","-55.94118","2","Floresta amazônica (sul)"
"MN-0043032","Tapirus terrestris","(Linnaeus, 1758)","Tapiridae","Tapirus","Anta","06","05","2024","06","03","2025","06/05/2024","C. Lima","J. Pereira","Armadilha fotográfica","Brasil","BR","Goiás","Mineiros","Parque Nacional das Emas","-18.24287","-52.91079","1","Cerrado / campo limpo"
"MN-0043891","Victoria amazonica","(Poepp.) J.C.Sowerby","Nymphaeaceae","Victoria","Vitória-régia","05","05","2017","05","05","2017","05/05/2017","M. Andrade","C. Lima","Material preservado (herbário)","Brasil","BR","Amazonas","Tefé","RDS Mamirauá","-3.10801","-64.84047","1","Várzea amazônica"
"MN-0042921","Sturnella superciliaris","(Bonaparte, 1850)","Icteridae","Sturnella","Polícia-inglesa-do-sul","","02","2020","","05","2020","02/2020","D. Rocha","P. Santos","Observação","Brasil","BR","Rio Grande do Sul","Santa Maria","Morro da Caturrita","-29.67427","-53.84061","3","Campos do Pampa"
"MN-0043505","Sporophila albogularis","(Spix, 1825)","Thraupidae","Sporophila","Golinho","20","11","2020","20","02","2021","20/11/2020","B. Carvalho","F. Oliveira","Registro fotográfico","Brasil","BR","Bahia","Jeremoabo","Estação Ecológica Raso da Catarina","-9.59978","-38.4677","2","Caatinga arbórea"
"MN-0042931","Tapirus terrestris","(Linnaeus, 1758)","Tapiridae","Tapirus","Anta","14","04","2024","14","07","2025","14/04/2024","P. Santos","J. Pereira","Armadilha fotográfica","Brasil","BR","Mato Grosso","Novo Mundo","RPPN Cristalino","-9.59731","-55.96343","4","Floresta amazônica (sul)"
"MN-0042857","Caryocar brasiliense","Cambess.","Caryocaraceae","Caryocar","Pequi","04","08","2016","04","09","2016","04/08/2016","M. Andrade","D. Rocha","Coleta","Brasil","BR","Goiás","Mineiros","Parque Nacional das Emas","-18.26274","-52.87985","1","Cerrado / campo limpo"
"MN-0043877","Leontopithecus rosalia","(Linnaeus, 1766)","Callitrichidae","Leontopithecus","Mico-leão-dourado","06","03","2024","06","04","2024","06/03/2024","G. Nunes","J. Pereira","Observação em campo","Brasil","BR","Rio de Janeiro","Silva Jardim","Reserva Biológica de Poço das Antas","-22.51272","-42.25777","1","Floresta Atlântica"
"MN-0043506","Dipteryx alata","Vogel","Fabaceae","Dipteryx","Baru","23","12","2023","23","03","2024","23/12/2023","L. Souza","P. Santos","Espécime preservado","Brasil","BR","Goiás","Mineiros","Parque Nacional das Emas","-18.30123","-52.91242","3","Cerrado / campo limpo"
"MN-0043353","Tangara fastuosa","(Lesson, 1831)","Thraupidae","Tangara","Saíra-de-sete-cores","07","09","2024","07","10","2024","07/09/2024","A. Maciel","P. Santos","Coleta","Brasil","BR","Alagoas","Quebrangulo","Estação Ecológica de Pedra Talhada","-9.223","-36.45671","1","Brejo de altitude"
"MN-0043012","Tangara fastuosa","(Lesson, 1831)","Thraupidae","Tangara","Saíra-de-sete-cores","27","11","2021","27","12","2021","27/11/2021","L. Souza","R. Cunha","Material preservado (herbário)","Brasil","BR","Pernambuco","Tamandaré","Reserva Biológica de Saltinho","-8.73046","-35.16502","1","Floresta Atlântica"
"MN-0043294","Rhea americana","(Linnaeus, 1758)","Rheidae","Rhea","Ema","17","08","2019","17","09","2019","17/08/2019","A. Maciel","R. Cunha","Registro fotográfico","Brasil","BR","Minas Gerais","São Roque de Minas","Parque Nacional da Serra da Canastra","-20.2555","-46.4831","1","Campo rupestre / rio de planalto"
"MN-0043069","Ramphastos tucanus","Linnaeus, 1758","Ramphastidae","Ramphastos","Tucano-grande-de-papo-branco","24","02","2023","24","04","2023","24/02/2023","F. Oliveira","M. Andrade","Observação em campo","Brasil","BR","Mato Grosso","Novo Mundo","RPPN Cristalino","-9.6089","-55.91512","2","Floresta amazônica (sul)"
"MN-0043757","Xanthopsar flavus","(Gmelin, 1788)","Icteridae","Xanthopsar","Veste-amarela","04","08","2018","04","11","2018","04/08/2018","G. Nunes","D. Rocha","Observação em campo","Brasil","BR","Rio Grande do Sul","Santa Maria","Morro da Caturrita","-29.65471","-53.8023","3","Campos do Pampa"
"MN-0042917","Caryocar brasiliense","Cambess.","Caryocaraceae","Caryocar","Pequi","14","01","2018","14","03","2018","14/01/2018","R. Cunha","B. Carvalho","Coleta","Brasil","BR","Goiás","Alto Paraíso de Goiás","Parque Nacional da Chapada dos Veadeiros","-14.14705","-47.55307","4","Cerrado sentido restrito"
"MN-0043747","Paubrasilia echinata","(Lam.) Gagnon, H.C.Lima & G.P.Lewis","Fabaceae","Paubrasilia","Pau-brasil","26","05","2018","26","05","2018","2018/05/26","P. Santos","M. Andrade","Coleta","Brasil","BR","Espírito Santo","Linhares","Reserva Natural Vale","-19.10737","-40.02639","1","Floresta de tabuleiro"
"MN-0043816","Euterpe edulis","Mart.","Arecaceae","Euterpe","Palmito-juçara","12","07","2018","12","08","2018","12/07/2018","M. Andrade","B. Carvalho","Espécime preservado","Brasil","BR","Rio de Janeiro","Itatiaia","Parque Nacional do Itatiaia","-22.44727","-44.63064","1","Floresta Atlântica montana"
"MN-0043183","Rhea americana","(Linnaeus, 1758)","Rheidae","Rhea","Ema","16","01","2018","16","02","2018","16/01/2018","C. Lima","G. Nunes","Observação","Brasil","BR","Minas Gerais","São Roque de Minas","Parque Nacional da Serra da Canastra","-20.32784","-46.54722","1","Campo rupestre / rio de planalto"
"MN-0043497","Butia odorata","(Barb.Rodr.) Noblick","Arecaceae","Butia","Butiá","13","09","2020","13","11","2020","13/09/2020","C. Lima","G. Nunes","Espécime preservado","Brasil","BR","Rio Grande do Sul","Aceguá","Coxilhas de Aceguá","-31.66933","-54.13755","2","Campos do Pampa"
"MN-0042912","Spinus yarrellii","(Audubon, 1839)","Fringillidae","Spinus","Pintassilgo-do-nordeste","","02","2021","","03","2021","02/2021","M. Andrade","R. Cunha","Observação","Brasil","BR","Ceará","Quixadá","Serra do Estevão","-4.93184","-39.05302","6","Caatinga / serra úmida"
"MN-0043532","Xanthopsar flavus","(Gmelin, 1788)","Icteridae","Xanthopsar","Veste-amarela","18","10","2023","18","10","2023","18/10/2023","A. Maciel","A. Maciel","Observação","Brasil","BR","Rio Grande do Sul","Canguçu","Serra do Sudeste (zona rural)","-31.41136","-52.64958","2","Campos do Pampa"
"MN-0043768","Penelope jacucaca","Spix, 1825","Cracidae","Penelope","Jacucaca","10","03","2022","10","03","2022","10/03/2022","M. Andrade","L. Souza","Registro fotográfico","Brasil","BR","Bahia","Boa Nova","Parque Nacional de Boa Nova","-14.37098","-40.17836","1","Mata-de-cipó"
"MN-0043880","Sporophila albogularis","(Spix, 1825)","Thraupidae","Sporophila","Golinho","27","01","2023","27","02","2023","27/01/2023","P. Santos","B. Carvalho","Observação","BRASIL","BR","Pernambuco","Buíque","Parque Nacional do Catimbau","-8.55701","-37.27065","1","Caatinga arbórea"
"MN-0043375","Anodorhynchus hyacinthinus","(Latham, 1790)","Psittacidae","Anodorhynchus","Arara-azul-grande","","12","2016","","02","2017","12/2016","B. Carvalho","R. Cunha","Observação em campo","Brasil","BR","Mato Grosso do Sul","Miranda","RPPN Caiman","-19.95613","-56.28729","2","Planície de inundação do Pantanal"
"MN-0043145","Leopardus geoffroyi","(d'Orbigny & Gervais, 1844)","Felidae","Leopardus","Gato-do-mato-grande","08","05","2017","08","08","2018","08/05/2017","M. Andrade","A. Maciel","Armadilha fotográfica","Brasil","BR","Rio Grande do Sul","Aceguá","Coxilhas de Aceguá","-31.69393","-54.14668","1","Campos do Pampa"
"MN-0043811","Glaucis dohrnii","(Bourcier & Mulsant, 1852)","Trochilidae","Glaucis","Rabo-branco-de-margarette","17","05","2018","17","06","2018","17/05/2018","M. Andrade","D. Rocha","Observação","Brasil","BR","Bahia","Una","Reserva Biológica de Una","-15.21405","-39.03307","1","Floresta Atlântica"
"MN-0043604","Leontopithecus rosalia","(Linnaeus, 1766)","Callitrichidae","Leontopithecus","Mico-leão-dourado","12","02","2024","12","04","2024","12/02/2024","T. Almeida","F. Oliveira","Observação","Brasil","BR","Rio de Janeiro","Silva Jardim","Reserva Biológica de Poço das Antas","-22.5894","-42.28572","5","Floresta Atlântica"
"MN-0043034","Rhea americana","(Linnaeus, 1758)","Rheidae","Rhea","Ema","11","01","2018","11","02","2018","11/01/2018","B. Carvalho","M. Andrade","Registro fotográfico","Brasil","BR","Goiás","Mineiros","Parque Nacional das Emas","-18.26879","-52.89545","","Cerrado / campo limpo"
"MN-0043050","Procnias nudicollis","(Vieillot, 1817)","Cotingidae","Procnias","Araponga-do-nordeste","09","01","2017","09","02","2017","09/01/2017","T. Almeida","P. Santos","Registro fotográfico","Brasil","BR","São Paulo","São Miguel Arcanjo","Parque Estadual Carlos Botelho","-24.09912","-47.99625","1","Floresta Atlântica"
"MN-0043620","Ramphastos tucanus","Linnaeus, 1758","Ramphastidae","Ramphastos","Tucano-grande-de-papo-branco","17","05","2020","17","05","2020","17/05/2020","F. Oliveira","D. Rocha","Observação","Brasil","BR","Amazonas","Manaus","Reserva Florestal Adolpho Ducke","-2.93903","-59.95274","1","Floresta de terra firme"
"MN-0042844","Sturnella superciliaris","(Bonaparte, 1850)","Icteridae","Sturnella","Polícia-inglesa-do-sul","28","09","2019","28","09","2019","28/09/2019","L. Souza","F. Oliveira","Registro fotográfico","Brasil","BR","Rio Grande do Sul","Santa Maria","Morro da Caturrita","-29.71408","-53.82593","1","Campos do Pampa"
"MN-0042910","Chrysocyon brachyurus","(Illiger, 1815)","Canidae","Chrysocyon","Lobo-guará","09","08","2022","09","08","2023","09/08/2022","B. Carvalho","R. Cunha","Observação em campo","Brasil","BR","Minas Gerais","São Roque de Minas","Parque Nacional da Serra da Canastra","-20.28778","-46.47919","","Campo rupestre / rio de planalto"
"MN-0042967","Brachyteles arachnoides","(É. Geoffroy, 1806)","Atelidae","Brachyteles","Muriqui-do-sul","12","11","2015","12","11","2015","12/11/2015","R. Cunha","T. Almeida","Observação","Brasil","BR","São Paulo","São Miguel Arcanjo","Parque Estadual Carlos Botelho","-24.10088","-47.99938","3","Floresta Atlântica"
"MN-0043038","Euterpe edulis","Mart.","Arecaceae","Euterpe","Palmito-juçara","18","04","2020","18","06","2020","18/04/2020","F. Oliveira","T. Almeida","Material preservado (herbário)","","BR","Rio de Janeiro","Itatiaia","Parque Nacional do Itatiaia","-22.47071","-44.57539","1","Floresta Atlântica montana"
"MN-0043022","Bertholletia excelsa","Bonpl.","Lecythidaceae","Bertholletia","Castanheira-do-pará","12","11","2016","12","02","2017","12/11/2016","B. Carvalho","P. Santos","Material preservado (herbário)","Brasil","BR","Mato Grosso","Novo Mundo","RPPN Cristalino","-9.60779","-55.94648","3","Floresta amazônica (sul)"
"MN-0043091","Brachyteles arachnoides","(É. Geoffroy, 1806)","Atelidae","Brachyteles","Muriqui-do-sul","17","02","2021","17","04","2021","17/02/2021","P. Santos","A. Maciel","Registro fotográfico","Brasil","BR","Rio de Janeiro","Itatiaia","Parque Nacional do Itatiaia","-22.44797","-44.61259","2","Floresta Atlântica montana"
"MN-0042818","Swietenia macrophylla","King","Meliaceae","Swietenia","Mogno","26","03","2018","26","03","2018","26/03/2018","L. Souza","R. Cunha","Material preservado (herbário)","Brasil","BR","Pará","Melgaço","Floresta Nacional de Caxiuanã","-1.70251","-51.50204","","Floresta de terra firme"
"","Euterpe edulis","Mart.","Arecaceae","Euterpe","Palmito-juçara","12","04","2019","12","06","2019","12/04/2019","J. Pereira","R. Cunha","Espécime preservado","Brasil","BR","São Paulo","São Miguel Arcanjo","Parque Estadual Carlos Botelho","-24.02242","-47.99957","3","Floresta Atlântica"
"MN-0043373","Tangara fastuosa","(Lesson, 1831)","Thraupidae","Tangara","Saíra-de-sete-cores","14","09","2017","14","09","2017","14/09/2017","L. Souza","J. Pereira","Observação em campo","Brasil","BR","Alagoas","Quebrangulo","Estação Ecológica de Pedra Talhada","-9.2212","-36.42727","3","Brejo de altitude"
"MN-0042820","Leontopithecus rosalia","(Linnaeus, 1766)","Callitrichidae","Leontopithecus","Mico-leão-dourado","22","07","2024","22","08","2024","22/07/2024","D. Rocha","F. Oliveira","Registro fotográfico","Brasil","BR","Rio de Janeiro","Silva Jardim","Reserva Biológica de Poço das Antas","-22.58526","-42.24131","2","Floresta Atlântica"
"MN-0043607","Tangara fastuosa","(Lesson, 1831)","Thraupidae","Tangara","Saíra-de-sete-cores","07","06","2016","07","06","2016","07/06/2016","C. Lima","M. Andrade","Coleta","Brasil","BR","Pernambuco","Tamandaré","Reserva Biológica de Saltinho","-8.74001","-35.15088","5","Floresta Atlântica"
"MN-0043333","Penelope jacucaca","Spix, 1825","Cracidae","Penelope","Jacucaca","12","01","2022","12","01","2022","12/01/2022","F. Oliveira","G. Nunes","Observação em campo","Brasil","BR","Pernambuco","Buíque","Parque Nacional do Catimbau","-8.50812","-37.26495","2","Caatinga arbórea"
"MN-0043485","Anodorhynchus leari","Bonaparte, 1856","Psittacidae","Anodorhynchus","Arara-azul-de-lear","27","09","2016","27","12","2016","27/09/2016 11:40","T. Almeida","D. Rocha","Registro fotográfico","Brasil","BR","Bahia","Canudos","ARIE Serra Branca","-9.93679","-38.95661","","Caatinga arbórea"
"MN-0043110","Procnias nudicollis","(Vieillot, 1817)","Cotingidae","Procnias","Araponga-do-nordeste","07","04","2019","07","07","2019","07/04/2019","P. Santos","C. Lima","Registro fotográfico","BRASIL","BR","São Paulo","São Miguel Arcanjo","Parque Estadual Carlos Botelho","-24.03075","-47.96708","1","Floresta Atlântica"
"MN-0042979","Cereus jamacaru","DC.","Cactaceae","Cereus","Mandacaru","10","01","2015","10","02","2015","10/01/2015","L. Souza","B. Carvalho","Espécime preservado","","BR","Bahia","Curaçá","Riacho Melância","-9.15838","-39.90252","1","Caatinga arbustiva"
"MN-0043227","Sturnella superciliaris","(Bonaparte, 1850)","Icteridae","Sturnella","Polícia-inglesa-do-sul","14","02","2016","14","05","2016","14/02/2016","M. Andrade","B. Carvalho","Observação em campo","Brasil","BR","Rio Grande do Sul","Aceguá","Coxilhas de Aceguá","-31.67348","-54.13773","6","Campos do Pampa"
"MN-0043635","Tangara fastuosa","(Lesson, 1831)","Thraupidae","Tangara","Saíra-de-sete-cores","14","08","2015","14","08","2015","14/08/2015","P. Santos","D. Rocha","Coleta","Brasil","BR","Alagoas","Quebrangulo","Estação Ecológica de Pedra Talhada","-9.21284","-36.4533","1","Brejo de altitude"
"MN-0043346","Euterpe edulis","Mart.","Arecaceae","Euterpe","Palmito-juçara","16","04","2020","16","04","2020","16/04/2020","R. Cunha","R. Cunha","Material preservado (herbário)","Brasil","BR","São Paulo","São Miguel Arcanjo","Parque Estadual Carlos Botelho","-24.05395","-47.98501","1","Floresta Atlântica"
"MN-0043599","Antilophia galeata","(Lichtenstein, 1823)","Pipridae","Antilophia","Soldadinho","15","05","2020","15","07","2020","15/05/2020","R. Cunha","A. Maciel","Observação","BRASIL","BR","Goiás","Alto Paraíso de Goiás","Parque Nacional da Chapada dos Veadeiros","-14.12717","-47.50477","2","Cerrado sentido restrito"
"MN-0043601","Tangara fastuosa","(Lesson, 1831)","Thraupidae","Tangara","Saíra-de-sete-cores","11","09","2024","11","09","2024","11/09/2024","L. Souza","G. Nunes","Coleta","Brasil","BR","Alagoas","Quebrangulo","Estação Ecológica de Pedra Talhada","-9.23303","-36.39719","3","Brejo de altitude"
"MN-0042847","Prosopis affinis","Spreng.","Fabaceae","Prosopis","Inhanduvá","19","05","2018","19","06","2018","19/05/2018","D. Rocha","D. Rocha","Coleta","Brasil","BR","Rio Grande do Sul","Barra do Quaraí","Parque Estadual do Espinilho","-30.19528","-57.54952","1","Savana-estépica (Pampa)"
"MN-0043202","Caryocar brasiliense","Cambess.","Caryocaraceae","Caryocar","Pequi","12","06","2024","12","06","2024","12/06/2024","A. Maciel","C. Lima","Coleta","BRASIL","BR","Goiás","Mineiros","Parque Nacional das Emas","-18.24093","-52.9068","1","Cerrado / campo limpo"
"MN-0043224","Crax blumenbachii","Spix, 1825","Cracidae","Crax","Mutum-do-sudeste","06","11","2023","06","11","2023","06/11/2023","B. Carvalho","J. Pereira","Registro fotográfico","BRASIL","BR","Espírito Santo","Linhares","Reserva Natural Vale","-19.10953","-40.04198","5","Floresta de tabuleiro"
"MN-0043039","Bertholletia excelsa","Bonpl.","Lecythidaceae","Bertholletia","Castanheira-do-pará","03","06","2019","03","06","2019","03/06/2019","L. Souza","B. Carvalho","Espécime preservado","BRASIL","BR","Pará","Melgaço","Floresta Nacional de Caxiuanã","-1.7543","-51.43744","","Floresta de terra firme"
"MN-0043858","Victoria amazonica","(Poepp.) J.C.Sowerby","Nymphaeaceae","Victoria","Vitória-régia","13","01","2018","13","03","2018","13/01/2018","J. Pereira","B. Carvalho","Coleta","Brasil","BR","Amazonas","Tefé","RDS Mamirauá","-3.05553","-64.75576","6","Várzea amazônica"
"MN-0043602","Inia geoffrensis","(Blainville, 1817)","Iniidae","Inia","Boto-cor-de-rosa","09","06","2016","09","09","2016","09/06/2016","C. Lima","D. Rocha","Observação","Brasil","BR","Amazonas","Tefé","RDS Mamirauá","-3.13418","-64.78191","1","Várzea amazônica"
"MN-0043629","Spinus yarrellii","(Audubon, 1839)","Fringillidae","Spinus","Pintassilgo-do-nordeste","03","08","2020","03","10","2020","03/08/2020","J. Pereira","P. Santos","Observação em campo","Brasil","BR","Ceará","Quixadá","Serra do Estevão","-4.98641","-39.02885","3","Caatinga / serra úmida"
"MN-0043181","Crax blumenbachii","Spix, 1825","Cracidae","Crax","Mutum-do-sudeste","","08","2020","","08","2020","08/2020","F. Oliveira","A. Maciel","Observação","","BR","Espírito Santo","Linhares","Reserva Natural Vale","-19.16146","-40.0716","4","Floresta de tabuleiro"
"MN-0043382","Leontopithecus rosalia","(Linnaeus, 1766)","Callitrichidae","Leontopithecus","Mico-leão-dourado","27","06","2020","27","06","2020","27/06/2020","J. Pereira","F. Oliveira","Registro fotográfico","Brasil","BR","Rio de Janeiro","Silva Jardim","Reserva Biológica de Poço das Antas","-22.55383","-42.24584","4","Floresta Atlântica"
"MN-0042980","Caryocar brasiliense","Cambess.","Caryocaraceae","Caryocar","Pequi","21","04","2023","21","04","2023","21/04/2023","A. Maciel","L. Souza","Espécime preservado","","BR","Distrito Federal","Brasília","Estação Ecológica de Águas Emendadas","-15.50904","-47.60409","","Cerrado / vereda"
"MN-0043510","Mycteria americana","Linnaeus, 1758","Ciconiidae","Mycteria","Cabeça-seca","23","03","2021","23","06","2021","23/03/2021","B. Carvalho","M. Andrade","Observação em campo","BRASIL","BR","Mato Grosso do Sul","Corumbá","Estrada Parque Pantanal","-19.01452","-57.6647","5","Planície de inundação do Pantanal"
"MN-0043033","Leopardus geoffroyi","(d'Orbigny & Gervais, 1844)","Felidae","Leopardus","Gato-do-mato-grande","09","02","2023","09","05","2024","09/02/2023","A. Maciel","T. Almeida","Observação em campo","Brasil","BR","Rio Grande do Sul","Aceguá","Coxilhas de Aceguá","-31.69298","-54.20211","1","Campos do Pampa"
"MN-0042970","Amazona pretrei","(Temminck, 1830)","Psittacidae","Amazona","Papagaio-charão","28","12","2015","28","02","2016","28/12/2015","D. Rocha","P. Santos","Observação em campo","Brasil","BR","Rio Grande do Sul","Carazinho","Floresta Nacional de Carazinho","-28.29843","-52.82593","1","Floresta com Araucária"
"MN-0042938","Butia odorata","(Barb.Rodr.) Noblick","Arecaceae","Butia","Butiá","12","07","2019","12","10","2019","12/07/2019","D. Rocha","T. Almeida","Espécime preservado","Brasil","BR","Rio Grande do Sul","Canguçu","Serra do Sudeste (zona rural)","-31.41695","-52.70156","1","Campos do Pampa"
"MN-0043201","Leontopithecus rosalia","(Linnaeus, 1766)","Callitrichidae","Leontopithecus","Mico-leão-dourado","02","09","2024","02","09","2024","02/09/2024","A. Maciel","L. Souza","Observação em campo","Brasil","BR","Rio de Janeiro","Silva Jardim","Reserva Biológica de Poço das Antas","-22.52354","-42.29894","1","Floresta Atlântica"
"MN-0043745","Butia odorata","(Barb.Rodr.) Noblick","Arecaceae","Butia","Butiá","22","08","2020","22","09","2020","22/08/2020","B. Carvalho","T. Almeida","Coleta","Brasil","BR","Rio Grande do Sul","Aceguá","Coxilhas de Aceguá","-31.64771","-54.12658","2","Campos do Pampa"
"MN-0043231","Dipteryx alata","Vogel","Fabaceae","Dipteryx","Baru","24","02","2017","24","02","2017","24/02/2017","B. Carvalho","J. Pereira","Espécime preservado","Brasil","BR","Goiás","Mineiros","Parque Nacional das Emas","-18.27079","-52.90241","","Cerrado / campo limpo"
"MN-0043851","Brachyteles arachnoides","(É. Geoffroy, 1806)","Atelidae","Brachyteles","Muriqui-do-sul","08","06","2019","08","09","2019","08/06/2019","P. Santos","B. Carvalho","Observação","Brasil","BR","Rio de Janeiro","Itatiaia","Parque Nacional do Itatiaia","-22.46521","-44.58483","","Floresta Atlântica montana"
"MN-0043169","Rhea americana","(Linnaeus, 1758)","Rheidae","Rhea","Ema","21","12","2024","21","02","2025","21/12/2024","F. Oliveira","C. Lima","Observação","BRASIL","BR","Goiás","Mineiros","Parque Nacional das Emas","-18.24894","-52.92826","1","Cerrado / campo limpo"
"MN-0043760","Tangara fastuosa","(Lesson, 1831)","Thraupidae","Tangara","Saíra-de-sete-cores","10","04","2016","10","06","2016","10/04/2016","F. Oliveira","A. Maciel","Coleta","Brasil","BR","Pernambuco","Tamandaré","Reserva Biológica de Saltinho","-8.70913","-35.15102","1","Floresta Atlântica"
"MN-0043264","Brachyteles arachnoides","(É. Geoffroy, 1806)","Atelidae","Brachyteles","Muriqui-do-sul","10","03","2017","10","03","2017","10/03/2017","F. Oliveira","R. Cunha","Observação","Brasil","BR","São Paulo","São Miguel Arcanjo","Parque Estadual Carlos Botelho","-24.07552","-47.97909","2","Floresta Atlântica"
"MN-0043481","Prosopis affinis","Spreng.","Fabaceae","Prosopis","Inhanduvá","08","10","2020","08","12","2020","08/10/2020","J. Pereira","G. Nunes","Coleta","Brasil","BR","Rio Grande do Sul","Barra do Quaraí","Parque Estadual do Espinilho","-30.17656","-57.57886","1","Savana-estépica (Pampa)"
"MN-0043095","Anodorhynchus leari","Bonaparte, 1856","Psittacidae","Anodorhynchus","Arara-azul-de-lear","16","12","2024","16","12","2024","16/12/2024","J. Pereira","J. Pereira","Registro fotográfico","BRASIL","BR","Bahia","Canudos","ARIE Serra Branca","-9.88023","-38.97356","2","Caatinga arbórea"
"MN-0043282","Sporophila albogularis","(Spix, 1825)","Thraupidae","Sporophila","Golinho","13","08","2021","13","09","2021","13/08/2021","G. Nunes","B. Carvalho","Espécime preservado","BRASIL","BR","Pernambuco","Buíque","Parque Nacional do Catimbau","-8.5158","-37.23892","2","Caatinga arbórea"
"MN-0042819","Victoria amazonica","(Poepp.) J.C.Sowerby","Nymphaeaceae","Victoria","Vitória-régia","23","02","2018","23","02","2018","23/02/2018","J. Pereira","L. Souza","Material preservado (herbário)","Brasil","BR","Amazonas","Tefé","RDS Mamirauá","-3.08445","-64.78854","1","Várzea amazônica"
"MN-0043759","Caiman yacare","(Daudin, 1802)","Alligatoridae","Caiman","Jacaré-do-pantanal","17","12","2018","17","02","2019","2018/12/17","C. Lima","R. Cunha","Registro fotográfico","Brasil","BR","Mato Grosso do Sul","Corumbá","Estrada Parque Pantanal","-18.98013","-57.65796","1","Planície de inundação do Pantanal"
"MN-0043113","Tangara fastuosa","(Lesson, 1831)","Thraupidae","Tangara","Saíra-de-sete-cores","01","08","2024","01","08","2024","01/08/2024","M. Andrade","B. Carvalho","Material preservado (herbário)","Brasil","BR","Pernambuco","Tamandaré","Reserva Biológica de Saltinho","-8.76497","-35.14531","2","Floresta Atlântica"
"MN-0043443","Inia geoffrensis","(Blainville, 1817)","Iniidae","Inia","Boto-cor-de-rosa","25","09","2020","25","11","2020","25/09/2020","B. Carvalho","B. Carvalho","Observação","Brasil","BR","Amazonas","Tefé","RDS Mamirauá","-3.08318","-64.80038","3","Várzea amazônica"
"MN-0043134","Leontopithecus rosalia","(Linnaeus, 1766)","Callitrichidae","Leontopithecus","Mico-leão-dourado","25","08","2020","25","09","2020","25/08/2020","F. Oliveira","B. Carvalho","Observação","BRASIL","BR","Rio de Janeiro","Silva Jardim","Reserva Biológica de Poço das Antas","-22.56161","-42.3052","2","Floresta Atlântica"
"MN-0043178","Cereus jamacaru","DC.","Cactaceae","Cereus","Mandacaru","02","05","2023","02","08","2023","02/05/2023","B. Carvalho","T. Almeida","Coleta","BRASIL","BR","Bahia","Curaçá","Riacho Melância","-9.15101","-39.88185","1","Caatinga arbustiva"
"MN-9000001","Panthera onca","(Linnaeus, 1758)","Felidae","Panthera","Onça-pintada","15","06","2023","15","06","2023","15/06/2023","R. Nunes","R. Nunes","Observação","Brasil","BR","Mato Grosso do Sul","Miranda","RPPN Caiman","-56.31851","-19.91491","1","Planície de inundação do Pantanal"
"MN-9000002","Tapirus terrestris","(Linnaeus, 1758)","Tapiridae","Tapirus","Anta","15","06","2023","15","06","2023","15/06/2023","R. Nunes","R. Nunes","Observação","Brasil","BR","Amazonas","Tefé","RDS Mamirauá","-64.77121","-3.11479","1","Várzea amazônica"
"MN-9000003","Panthera onca","(Linnaeus, 1758)","Felidae","Panthera","Onça-pintada","15","06","2023","15","06","2023","15/06/2023","R. Nunes","R. Nunes","Observação","Peru","PE","Alagoas","Murici","ESEC de Murici","-9.19672","-35.89378","1","Floresta Atlântica"
"MN-9000004","Tapirus terrestris","(Linnaeus, 1758)","Tapiridae","Tapirus","Anta","15","06","2023","15","06","2023","15/06/2023","R. Nunes","R. Nunes","Observação","Brasil","BR","Distrito Federal","Brasília","Sem localidade registrada","-15.79390","-47.88280","1","Cerrado"
"MN-9000005","Panthera onca","(Linnaeus, 1758)","Felidae","Panthera","Onça-pintada","15","06","2023","15","06","2023","15/06/2023","R. Nunes","R. Nunes","Observação","Brasil","BR","Ceará","Quixadá","Serra do Estevão","-95.24310","-38.98271","1","Caatinga"
"MN-9000006","Tapirus terrestris","(Linnaeus, 1758)","Tapiridae","Tapirus","Anta","15","06","2023","15","06","2023","15/06/2023","R. Nunes","R. Nunes","Observação","Brasil","BR","Bahia","Lençóis","Chapada Diamantina","-12.56180","-198.40220","1","Campo rupestre"
"MN-9000007","Panthera onca","(Linnaeus, 1758)","Felidae","Panthera","Onça-pintada","15","06","2023","15","06","2023","15/06/2023","R. Nunes","R. Nunes","Observação","Brasil","BR","Bahia","Ilhéus","Sem localidade registrada","0","0","1","Floresta Atlântica"
"MN-9000008","Tapirus terrestris","(Linnaeus, 1758)","Tapiridae","Tapirus","Anta","15","06","2023","15","06","2023","15/06/2023","R. Nunes","R. Nunes","Observação","Brasil","BR","Bahia","Itacaré","Litoral sul","-13.50000","-37.20000","1","Zona costeira"
"MN-9000009","Panthera onca","(Linnaeus, 1758)","Felidae","Panthera","Onça-pintada","15","06","2023","15","06","2023","15/06/2023","R. Nunes","R. Nunes","Observação","","","Mato Grosso","Poconé","Transpantaneira","-16.55000","-56.62000","1","Pantanal"
"MN-9000010","Tapirus terrestris","(Linnaeus, 1758)","Tapiridae","Tapirus","Anta","15","06","2023","15","06","2023","15/06/2023","R. Nunes","R. Nunes","Observação","","","Amapá","Oiapoque","PARNA Montanhas do Tumucumaque","2.80000","-52.00000","1","Floresta de terra firme"
"MN-9000011","Panthera onca","(Linnaeus, 1758)","Felidae","Panthera","Onça-pintada","15","06","2023","15","06","2023","15/06/2023","R. Nunes","R. Nunes","Observação","Peru","PE","Madre de Dios","Manu","Parque Nacional del Manu","-12.25000","-70.90000","1","Floresta amazônica"
"MN-9000012","Panthera onca","(Linnaeus, 1758)","Felidae","Panthera","Onça-pintada","15","06","2023","15","06","2023","15/06/2023","R. Nunes","R. Nunes","Observação","Bolívia","BO","La Paz","San Buenaventura","Parque Nacional Madidi","-14.45000","-67.90000","1","Floresta amazônica"
"MN-9000013","Tapirus terrestris","(Linnaeus, 1758)","Tapiridae","Tapirus","Anta","15","06","2023","15","06","2023","15/06/2023","R. Nunes","R. Nunes","Observação","Argentina","AR","Misiones","Puerto Iguazú","Parque Nacional Iguazú","-25.68000","-54.45000","1","Floresta Atlântica"
"MN-9000014","Panthera onca","(Linnaeus, 1758)","Felidae","Panthera","Onça-pintada","15","06","2023","15","06","2023","15/06/2023","R. Nunes","R. Nunes","Observação","Paraguai","PY","Alto Paraguay","Bahía Negra","PARNA Río Negro","-20.23000","-58.17000","1","Pantanal"
"MN-9000015","Sus scrofa","Linnaeus, 1758","Suidae","Sus","Javali","15","06","2023","15","06","2023","15/06/2023","R. Nunes","R. Nunes","Armadilha fotográfica","Brasil","BR","Minas Gerais","Santana do Riacho","PARNA da Serra do Cipó","-19.28000","-43.58000","4","Cerrado"
"MN-9000016","Sus scrofa","Linnaeus, 1758","Suidae","Sus","Javali","15","06","2023","15","06","2023","15/06/2023","R. Nunes","R. Nunes","Observação em campo","Brasil","BR","São Paulo","Iporanga","PETAR","-24.52000","-48.68000","2","Floresta Atlântica"
"MN-9000017","Artocarpus heterophyllus","Lam.","Moraceae","Artocarpus","Jaqueira","15","06","2023","15","06","2023","15/06/2023","R. Nunes","R. Nunes","Material preservado (herbário)","Brasil","BR","Rio de Janeiro","Rio de Janeiro","PARNA da Tijuca","-22.95000","-43.28000","1","Floresta Atlântica"
"MN-9000018","Nasua nasua","(Linnaeus, 1766)","Procyonidae","Nasua","Quati","15","06","2023","15","06","2023","15/06/2023","R. Nunes","R. Nunes","Registro fotográfico","Brasil","BR","Pernambuco","Fernando de Noronha","PARNA Marinho de Fernando de Noronha","-3.85400","-32.42800","3","Ilha oceânica"
"MN-9000019","Cichla kelberi","Kullander & Ferreira, 2006","Cichlidae","Cichla","Tucunaré-amarelo","15","06","2023","15","06","2023","15/06/2023","R. Nunes","R. Nunes","Coleta","Brasil","BR","Minas Gerais","Capitólio","Represa de Furnas","-20.67000","-46.32000","6","Reservatório"
"MN-9000020","Rhea americana americana","(Linnaeus, 1758)","Rheidae","Rhea","Ema","15","06","2023","15","06","2023","15/06/2023","R. Nunes","R. Nunes","Observação","Brasil","BR","Rio Grande do Sul","Santa Vitória do Palmar","Coxilha das Lombas","-33.52000","-53.37000","5","Campos sulinos"
"MN-9000021","Ateles paniscus paniscus","(Linnaeus, 1758)","Atelidae","Ateles","Macaco-aranha-de-cara-vermelha","15","06","2023","15","06","2023","15/06/2023","R. Nunes","R. Nunes","Observação","Brasil","BR","Pará","Melgaço","FLONA de Caxiuanã","-1.74128","-51.45921","4","Floresta de terra firme"
"MN-9000022","Tapirus terrestris Linnaeus","(Linnaeus, 1758)","Tapiridae","Tapirus","Anta","15","06","2023","15","06","2023","15/06/2023","R. Nunes","R. Nunes","Observação","Brasil","BR","Acre","Xapuri","RESEX Chico Mendes","-10.65000","-68.50000","1","Floresta de terra firme"
"MN-9000023","Cebus apella","(Linnaeus, 1758)","Cebidae","Cebus","Macaco-prego","15","06","2023","15","06","2023","15/06/2023","R. Nunes","R. Nunes","Observação","Brasil","BR","Bahia","Una","REBIO de Una","-15.28000","-39.07000","7","Floresta Atlântica"
"MN-9000024","Panthera onça","(Linnaeus, 1758)","Felidae","Panthera","Onça-pintada","15","06","2023","15","06","2023","15/06/2023","R. Nunes","R. Nunes","Observação","Brasil","BR","Mato Grosso","Poconé","Transpantaneira","-16.55000","-56.62000","1","Pantanal"
"MN-9000025","Especie indeterminada","","Indeterminada","Indeterminado","Não identificado","15","06","2023","15","06","2023","15/06/2023","R. Nunes","R. Nunes","Observação","Brasil","BR","Roraima","Uiramutã","PARNA do Monte Roraima","5.19000","-60.73000","1","Campo de altitude"
"MN-9000026","Panthera onca","(Linnaeus, 1758)","Felidae","Panthera","Onça-pintada","15","06","2023","15","06","2023","15/06/2023","R. Nunes","R. Nunes","Observação","Brasil","BR","Tocantins","Mateiros","PARNA do Jalapão","-10.55000","-46.42000","1","Cerrado"
"MN-9000026","Panthera onca","(Linnaeus, 1758)","Felidae","Panthera","Onça-pintada","15","06","2023","15","06","2023","15/06/2023","R. Nunes","R. Nunes","Observação","Brasil","BR","Tocantins","Mateiros","PARNA do Jalapão","-10.56000","-46.43000","1","Cerrado"
"MN-9000026","Tapirus terrestris","(Linnaeus, 1758)","Tapiridae","Tapirus","Anta","15","06","2023","15","06","2023","15/06/2023","R. Nunes","R. Nunes","Observação","Brasil","BR","Tocantins","Mateiros","PARNA do Jalapão","-10.57000","-46.44000","1","Cerrado"
"MN-9000027","Panthera onca","(Linnaeus, 1758)","Felidae","Panthera","Onça-pintada","07","","2023","07","","2023","","R. Nunes","R. Nunes","Observação","Brasil","BR","Goiás","Alto Paraíso de Goiás","PARNA da Chapada dos Veadeiros","-14.13000","-47.52000","1","Cerrado"
"MN-9000028","Tapirus terrestris","(Linnaeus, 1758)","Tapiridae","Tapirus","Anta","15","06","","15","06","","","R. Nunes","R. Nunes","Observação","Brasil","BR","Maranhão","Barreirinhas","PARNA dos Lençóis Maranhenses","-2.75000","-42.83000","1","Restinga"
"MN-9000029","Panthera onca","(Linnaeus, 1758)","Felidae","Panthera","Onça-pintada","01","05","2098","01","05","2098","01/05/2098","R. Nunes","R. Nunes","Observação","Brasil","BR","Mato Grosso","Cáceres","ESEC Serra das Araras","-15.66000","-57.23000","1","Cerrado"
"MN-9000030","Tapirus terrestris","(Linnaeus, 1758)","Tapiridae","Tapirus","Anta","12","03","1498","12","03","1498","1498/03/12","R. Nunes","R. Nunes","Observação","Brasil","BR","Espírito Santo","Linhares","REBIO de Sooretama","-19.05000","-40.13000","1","Floresta de tabuleiro"
